ISO-10303-21;
HEADER;
FILE_DESCRIPTION((''),'2;1');
FILE_NAME('731000103','2017-11-02T',('ghp'),(''),
'PRO/ENGINEER BY PARAMETRIC TECHNOLOGY CORPORATION, 2012310',
'PRO/ENGINEER BY PARAMETRIC TECHNOLOGY CORPORATION, 2012310','');
FILE_SCHEMA(('CONFIG_CONTROL_DESIGN'));
ENDSEC;
DATA;
#1=DIRECTION('',(0.E0,0.E0,-1.E0));
#2=VECTOR('',#1,3.5E-1);
#3=CARTESIAN_POINT('',(1.4E0,0.E0,0.E0));
#4=LINE('',#3,#2);
#5=CARTESIAN_POINT('',(0.E0,0.E0,-3.5E-1));
#6=DIRECTION('',(0.E0,0.E0,1.E0));
#7=DIRECTION('',(-1.E0,0.E0,0.E0));
#8=AXIS2_PLACEMENT_3D('',#5,#6,#7);
#10=CARTESIAN_POINT('',(0.E0,0.E0,-3.5E-1));
#11=DIRECTION('',(0.E0,0.E0,1.E0));
#12=DIRECTION('',(1.E0,0.E0,0.E0));
#13=AXIS2_PLACEMENT_3D('',#10,#11,#12);
#15=CARTESIAN_POINT('',(0.E0,0.E0,-3.5E-1));
#16=DIRECTION('',(0.E0,0.E0,-1.E0));
#17=DIRECTION('',(-1.E0,0.E0,0.E0));
#18=AXIS2_PLACEMENT_3D('',#15,#16,#17);
#20=CARTESIAN_POINT('',(0.E0,0.E0,-3.5E-1));
#21=DIRECTION('',(0.E0,0.E0,-1.E0));
#22=DIRECTION('',(1.E0,0.E0,0.E0));
#23=AXIS2_PLACEMENT_3D('',#20,#21,#22);
#25=DIRECTION('',(0.E0,0.E0,-1.E0));
#26=VECTOR('',#25,3.5E-1);
#27=CARTESIAN_POINT('',(-1.4E0,0.E0,0.E0));
#28=LINE('',#27,#26);
#29=CARTESIAN_POINT('',(0.E0,0.E0,0.E0));
#30=DIRECTION('',(0.E0,0.E0,1.E0));
#31=DIRECTION('',(1.E0,0.E0,0.E0));
#32=AXIS2_PLACEMENT_3D('',#29,#30,#31);
#34=CARTESIAN_POINT('',(0.E0,0.E0,0.E0));
#35=DIRECTION('',(0.E0,0.E0,1.E0));
#36=DIRECTION('',(-1.E0,0.E0,0.E0));
#37=AXIS2_PLACEMENT_3D('',#34,#35,#36);
#39=CARTESIAN_POINT('',(0.E0,0.E0,0.E0));
#40=DIRECTION('',(0.E0,0.E0,-1.E0));
#41=DIRECTION('',(1.E0,0.E0,0.E0));
#42=AXIS2_PLACEMENT_3D('',#39,#40,#41);
#44=CARTESIAN_POINT('',(0.E0,0.E0,0.E0));
#45=DIRECTION('',(0.E0,0.E0,-1.E0));
#46=DIRECTION('',(-1.E0,0.E0,0.E0));
#47=AXIS2_PLACEMENT_3D('',#44,#45,#46);
#49=CARTESIAN_POINT('',(0.E0,0.E0,-5.E-1));
#50=DIRECTION('',(0.E0,0.E0,1.E0));
#51=DIRECTION('',(1.E0,0.E0,0.E0));
#52=AXIS2_PLACEMENT_3D('',#49,#50,#51);
#54=DIRECTION('',(2.588190451025E-1,0.E0,9.659258262891E-1));
#55=VECTOR('',#54,5.176380902050E-1);
#56=CARTESIAN_POINT('',(-1.835E0,0.E0,-5.E-1));
#57=LINE('',#56,#55);
#58=DIRECTION('',(0.E0,0.E0,-1.E0));
#59=VECTOR('',#58,2.521829195149E0);
#60=CARTESIAN_POINT('',(1.835E0,0.E0,-5.E-1));
#61=LINE('',#60,#59);
#62=DIRECTION('',(0.E0,0.E0,-1.E0));
#63=VECTOR('',#62,2.521829195149E0);
#64=CARTESIAN_POINT('',(-1.835E0,0.E0,-5.E-1));
#65=LINE('',#64,#63);
#66=CARTESIAN_POINT('',(0.E0,0.E0,-3.088462293502E0));
#67=DIRECTION('',(0.E0,0.E0,1.E0));
#68=DIRECTION('',(0.E0,-1.E0,0.E0));
#69=AXIS2_PLACEMENT_3D('',#66,#67,#68);
#71=CARTESIAN_POINT('',(0.E0,0.E0,-3.088462293502E0));
#72=DIRECTION('',(0.E0,0.E0,1.E0));
#73=DIRECTION('',(-1.E0,0.E0,0.E0));
#74=AXIS2_PLACEMENT_3D('',#71,#72,#73);
#76=CARTESIAN_POINT('',(0.E0,0.E0,-3.021829195149E0));
#77=DIRECTION('',(0.E0,0.E0,-1.E0));
#78=DIRECTION('',(1.E0,0.E0,0.E0));
#79=AXIS2_PLACEMENT_3D('',#76,#77,#78);
#81=CARTESIAN_POINT('',(1.735E0,0.E0,-3.021829195149E0));
#82=DIRECTION('',(0.E0,-1.E0,0.E0));
#83=DIRECTION('',(7.456561006172E-1,0.E0,-6.663309835302E-1));
#84=AXIS2_PLACEMENT_3D('',#81,#82,#83);
#86=DIRECTION('',(0.E0,6.663309835302E-1,-7.456561006172E-1));
#87=VECTOR('',#86,2.273658390299E-1);
#88=CARTESIAN_POINT('',(0.E0,-1.809565610062E0,-3.088462293502E0));
#89=LINE('',#88,#87);
#90=CARTESIAN_POINT('',(0.E0,0.E0,-3.021829195149E0));
#91=DIRECTION('',(0.E0,0.E0,-1.E0));
#92=DIRECTION('',(-1.E0,0.E0,0.E0));
#93=AXIS2_PLACEMENT_3D('',#90,#91,#92);
#95=CARTESIAN_POINT('',(-1.735E0,0.E0,-3.021829195149E0));
#96=DIRECTION('',(0.E0,1.E0,0.E0));
#97=DIRECTION('',(-7.456561006172E-1,0.E0,-6.663309835302E-1));
#98=AXIS2_PLACEMENT_3D('',#95,#96,#97);
#100=CARTESIAN_POINT('',(0.E0,0.E0,-3.088462293502E0));
#101=DIRECTION('',(0.E0,0.E0,1.E0));
#102=DIRECTION('',(0.E0,1.E0,0.E0));
#103=AXIS2_PLACEMENT_3D('',#100,#101,#102);
#105=CARTESIAN_POINT('',(0.E0,0.E0,-3.088462293502E0));
#106=DIRECTION('',(0.E0,0.E0,1.E0));
#107=DIRECTION('',(1.E0,0.E0,0.E0));
#108=AXIS2_PLACEMENT_3D('',#105,#106,#107);
#110=DIRECTION('',(0.E0,-6.663309835302E-1,-7.456561006172E-1));
#111=VECTOR('',#110,2.273658390299E-1);
#112=CARTESIAN_POINT('',(0.E0,1.809565610062E0,-3.088462293502E0));
#113=LINE('',#112,#111);
#114=CARTESIAN_POINT('',(0.E0,0.E0,-3.344622046306E0));
#115=DIRECTION('',(0.E0,0.E0,1.E0));
#116=DIRECTION('',(0.E0,-1.E0,0.E0));
#117=AXIS2_PLACEMENT_3D('',#114,#115,#116);
#119=CARTESIAN_POINT('',(0.E0,0.E0,-3.344622046306E0));
#120=DIRECTION('',(0.E0,0.E0,1.E0));
#121=DIRECTION('',(-1.E0,0.E0,0.E0));
#122=AXIS2_PLACEMENT_3D('',#119,#120,#121);
#124=CARTESIAN_POINT('',(-1.755E0,0.E0,-3.344622046306E0));
#125=DIRECTION('',(0.E0,1.E0,0.E0));
#126=DIRECTION('',(7.456561006172E-1,0.E0,6.663309835302E-1));
#127=AXIS2_PLACEMENT_3D('',#124,#125,#126);
#129=CARTESIAN_POINT('',(0.E0,0.E0,-3.257999018447E0));
#130=DIRECTION('',(0.E0,0.E0,-1.E0));
#131=DIRECTION('',(0.E0,-1.E0,0.E0));
#132=AXIS2_PLACEMENT_3D('',#129,#130,#131);
#134=CARTESIAN_POINT('',(0.E0,0.E0,-3.257999018447E0));
#135=DIRECTION('',(0.E0,0.E0,-1.E0));
#136=DIRECTION('',(1.E0,0.E0,0.E0));
#137=AXIS2_PLACEMENT_3D('',#134,#135,#136);
#139=CARTESIAN_POINT('',(0.E0,0.E0,-3.344622046306E0));
#140=DIRECTION('',(0.E0,0.E0,1.E0));
#141=DIRECTION('',(1.E0,0.E0,0.E0));
#142=AXIS2_PLACEMENT_3D('',#139,#140,#141);
#144=CARTESIAN_POINT('',(1.755E0,0.E0,-3.344622046306E0));
#145=DIRECTION('',(0.E0,-1.E0,0.E0));
#146=DIRECTION('',(-7.456561006172E-1,0.E0,6.663309835302E-1));
#147=AXIS2_PLACEMENT_3D('',#144,#145,#146);
#149=CARTESIAN_POINT('',(0.E0,0.E0,-3.257999018447E0));
#150=DIRECTION('',(0.E0,0.E0,-1.E0));
#151=DIRECTION('',(0.E0,1.E0,0.E0));
#152=AXIS2_PLACEMENT_3D('',#149,#150,#151);
#154=CARTESIAN_POINT('',(0.E0,0.E0,-3.257999018447E0));
#155=DIRECTION('',(0.E0,0.E0,-1.E0));
#156=DIRECTION('',(-1.E0,0.E0,0.E0));
#157=AXIS2_PLACEMENT_3D('',#154,#155,#156);
#159=CARTESIAN_POINT('',(0.E0,0.E0,-3.344622046306E0));
#160=DIRECTION('',(0.E0,0.E0,1.E0));
#161=DIRECTION('',(0.E0,1.E0,0.E0));
#162=AXIS2_PLACEMENT_3D('',#159,#160,#161);
#164=DIRECTION('',(0.E0,0.E0,-1.E0));
#165=VECTOR('',#164,2.307559073883E-1);
#166=CARTESIAN_POINT('',(0.E0,-1.625E0,-3.344622046306E0));
#167=LINE('',#166,#165);
#168=DIRECTION('',(0.E0,0.E0,-1.E0));
#169=VECTOR('',#168,2.307559073883E-1);
#170=CARTESIAN_POINT('',(0.E0,1.625E0,-3.344622046306E0));
#171=LINE('',#170,#169);
#172=CARTESIAN_POINT('',(0.E0,0.E0,-3.662000981553E0));
#173=DIRECTION('',(0.E0,0.E0,1.E0));
#174=DIRECTION('',(-1.E0,0.E0,0.E0));
#175=AXIS2_PLACEMENT_3D('',#172,#173,#174);
#177=CARTESIAN_POINT('',(0.E0,0.E0,-3.575377953694E0));
#178=DIRECTION('',(0.E0,0.E0,-1.E0));
#179=DIRECTION('',(0.E0,-1.E0,0.E0));
#180=AXIS2_PLACEMENT_3D('',#177,#178,#179);
#182=CARTESIAN_POINT('',(0.E0,0.E0,-3.575377953694E0));
#183=DIRECTION('',(0.E0,0.E0,-1.E0));
#184=DIRECTION('',(1.E0,0.E0,0.E0));
#185=AXIS2_PLACEMENT_3D('',#182,#183,#184);
#187=CARTESIAN_POINT('',(1.755E0,0.E0,-3.575377953694E0));
#188=DIRECTION('',(0.E0,1.E0,0.E0));
#189=DIRECTION('',(-7.456561006172E-1,0.E0,-6.663309835302E-1));
#190=AXIS2_PLACEMENT_3D('',#187,#188,#189);
#192=CARTESIAN_POINT('',(0.E0,0.E0,-3.662000981553E0));
#193=DIRECTION('',(0.E0,0.E0,1.E0));
#194=DIRECTION('',(0.E0,-1.E0,0.E0));
#195=AXIS2_PLACEMENT_3D('',#192,#193,#194);
#197=DIRECTION('',(0.E0,6.663309835302E-1,7.456561006172E-1));
#198=VECTOR('',#197,2.273658390299E-1);
#199=CARTESIAN_POINT('',(0.E0,-1.809565610062E0,-3.831537706498E0));
#200=LINE('',#199,#198);
#201=DIRECTION('',(0.E0,-6.663309835302E-1,7.456561006172E-1));
#202=VECTOR('',#201,2.273658390299E-1);
#203=CARTESIAN_POINT('',(0.E0,1.809565610062E0,-3.831537706498E0));
#204=LINE('',#203,#202);
#205=CARTESIAN_POINT('',(0.E0,0.E0,-3.831537706498E0));
#206=DIRECTION('',(0.E0,0.E0,-1.E0));
#207=DIRECTION('',(1.E0,0.E0,0.E0));
#208=AXIS2_PLACEMENT_3D('',#205,#206,#207);
#210=CARTESIAN_POINT('',(1.735E0,0.E0,-3.898170804851E0));
#211=DIRECTION('',(0.E0,-1.E0,0.E0));
#212=DIRECTION('',(1.E0,0.E0,0.E0));
#213=AXIS2_PLACEMENT_3D('',#210,#211,#212);
#215=CARTESIAN_POINT('',(0.E0,0.E0,-3.898170804851E0));
#216=DIRECTION('',(0.E0,0.E0,1.E0));
#217=DIRECTION('',(-1.E0,0.E0,0.E0));
#218=AXIS2_PLACEMENT_3D('',#215,#216,#217);
#220=CARTESIAN_POINT('',(0.E0,0.E0,-3.831537706498E0));
#221=DIRECTION('',(0.E0,0.E0,-1.E0));
#222=DIRECTION('',(0.E0,-1.E0,0.E0));
#223=AXIS2_PLACEMENT_3D('',#220,#221,#222);
#225=CARTESIAN_POINT('',(0.E0,0.E0,-3.898170804851E0));
#226=DIRECTION('',(0.E0,0.E0,1.E0));
#227=DIRECTION('',(1.E0,0.E0,0.E0));
#228=AXIS2_PLACEMENT_3D('',#225,#226,#227);
#230=CARTESIAN_POINT('',(0.E0,0.E0,-3.831537706498E0));
#231=DIRECTION('',(0.E0,0.E0,-1.E0));
#232=DIRECTION('',(0.E0,1.E0,0.E0));
#233=AXIS2_PLACEMENT_3D('',#230,#231,#232);
#235=CARTESIAN_POINT('',(0.E0,0.E0,-3.831537706498E0));
#236=DIRECTION('',(0.E0,0.E0,-1.E0));
#237=DIRECTION('',(-1.E0,0.E0,0.E0));
#238=AXIS2_PLACEMENT_3D('',#235,#236,#237);
#240=CARTESIAN_POINT('',(-1.735E0,0.E0,-3.898170804851E0));
#241=DIRECTION('',(0.E0,1.E0,0.E0));
#242=DIRECTION('',(-1.E0,0.E0,0.E0));
#243=AXIS2_PLACEMENT_3D('',#240,#241,#242);
#245=CARTESIAN_POINT('',(0.E0,0.E0,-3.898170804851E0));
#246=DIRECTION('',(0.E0,0.E0,1.E0));
#247=DIRECTION('',(0.E0,1.E0,0.E0));
#248=AXIS2_PLACEMENT_3D('',#245,#246,#247);
#250=DIRECTION('',(0.E0,0.E0,-1.E0));
#251=VECTOR('',#250,2.601829195149E0);
#252=CARTESIAN_POINT('',(1.835E0,0.E0,-3.898170804851E0));
#253=LINE('',#252,#251);
#254=DIRECTION('',(0.E0,0.E0,-1.E0));
#255=VECTOR('',#254,2.601829195149E0);
#256=CARTESIAN_POINT('',(-1.835E0,0.E0,-3.898170804851E0));
#257=LINE('',#256,#255);
#258=CARTESIAN_POINT('',(0.E0,0.E0,-6.5E0));
#259=DIRECTION('',(0.E0,0.E0,1.E0));
#260=DIRECTION('',(-1.E0,0.E0,0.E0));
#261=AXIS2_PLACEMENT_3D('',#258,#259,#260);
#263=CARTESIAN_POINT('',(0.E0,0.E0,-6.5E0));
#264=DIRECTION('',(0.E0,0.E0,1.E0));
#265=DIRECTION('',(1.E0,0.E0,0.E0));
#266=AXIS2_PLACEMENT_3D('',#263,#264,#265);
#268=CARTESIAN_POINT('',(0.E0,0.E0,-6.5E0));
#269=DIRECTION('',(0.E0,0.E0,-1.E0));
#270=DIRECTION('',(1.E0,0.E0,0.E0));
#271=AXIS2_PLACEMENT_3D('',#268,#269,#270);
#273=CARTESIAN_POINT('',(0.E0,0.E0,-6.5E0));
#274=DIRECTION('',(0.E0,0.E0,-1.E0));
#275=DIRECTION('',(-1.E0,0.E0,0.E0));
#276=AXIS2_PLACEMENT_3D('',#273,#274,#275);
#278=DIRECTION('',(0.E0,0.E0,-1.E0));
#279=VECTOR('',#278,6.E-1);
#280=CARTESIAN_POINT('',(-3.2E0,0.E0,-6.5E0));
#281=LINE('',#280,#279);
#282=DIRECTION('',(0.E0,1.E0,0.E0));
#283=VECTOR('',#282,8.804370406124E0);
#284=CARTESIAN_POINT('',(3.5E0,-5.56E0,-7.1E0));
#285=LINE('',#284,#283);
#286=DIRECTION('',(0.E0,-1.E0,0.E0));
#287=VECTOR('',#286,5.E-1);
#288=CARTESIAN_POINT('',(2.03E0,-5.06E0,-7.1E0));
#289=LINE('',#288,#287);
#290=DIRECTION('',(0.E0,1.E0,0.E0));
#291=VECTOR('',#290,5.E-1);
#292=CARTESIAN_POINT('',(-2.03E0,-5.56E0,-7.1E0));
#293=LINE('',#292,#291);
#294=CARTESIAN_POINT('',(0.E0,0.E0,-7.1E0));
#295=DIRECTION('',(0.E0,0.E0,-1.E0));
#296=DIRECTION('',(1.E0,0.E0,0.E0));
#297=AXIS2_PLACEMENT_3D('',#294,#295,#296);
#299=CARTESIAN_POINT('',(0.E0,0.E0,-7.1E0));
#300=DIRECTION('',(0.E0,0.E0,-1.E0));
#301=DIRECTION('',(-1.E0,0.E0,0.E0));
#302=AXIS2_PLACEMENT_3D('',#299,#300,#301);
#304=DIRECTION('',(0.E0,1.E0,0.E0));
#305=VECTOR('',#304,8.804370406124E0);
#306=CARTESIAN_POINT('',(-3.5E0,-5.56E0,-7.1E0));
#307=LINE('',#306,#305);
#308=DIRECTION('',(0.E0,-1.E0,0.E0));
#309=VECTOR('',#308,5.E-1);
#310=CARTESIAN_POINT('',(-3.5E0,-5.06E0,-8.57E0));
#311=LINE('',#310,#309);
#312=DIRECTION('',(0.E0,1.E0,0.E0));
#313=VECTOR('',#312,5.E-1);
#314=CARTESIAN_POINT('',(-3.5E0,-5.56E0,-1.263E1));
#315=LINE('',#314,#313);
#316=DIRECTION('',(0.E0,1.E0,0.E0));
#317=VECTOR('',#316,8.804370406124E0);
#318=CARTESIAN_POINT('',(-3.5E0,-5.56E0,-1.41E1));
#319=LINE('',#318,#317);
#320=DIRECTION('',(0.E0,-1.E0,0.E0));
#321=VECTOR('',#320,5.E-1);
#322=CARTESIAN_POINT('',(-2.03E0,-5.06E0,-1.41E1));
#323=LINE('',#322,#321);
#324=DIRECTION('',(0.E0,1.E0,0.E0));
#325=VECTOR('',#324,5.E-1);
#326=CARTESIAN_POINT('',(2.03E0,-5.56E0,-1.41E1));
#327=LINE('',#326,#325);
#328=DIRECTION('',(0.E0,1.E0,0.E0));
#329=VECTOR('',#328,8.804370406124E0);
#330=CARTESIAN_POINT('',(3.5E0,-5.56E0,-1.41E1));
#331=LINE('',#330,#329);
#332=DIRECTION('',(0.E0,-1.E0,0.E0));
#333=VECTOR('',#332,5.E-1);
#334=CARTESIAN_POINT('',(3.5E0,-5.06E0,-1.263E1));
#335=LINE('',#334,#333);
#336=DIRECTION('',(0.E0,1.E0,0.E0));
#337=VECTOR('',#336,5.E-1);
#338=CARTESIAN_POINT('',(3.5E0,-5.56E0,-8.57E0));
#339=LINE('',#338,#337);
#340=CARTESIAN_POINT('',(-3.617552430549E-14,3.5E0,-7.1E0));
#341=CARTESIAN_POINT('',(1.773860284677E-1,3.5E0,-7.1E0));
#342=CARTESIAN_POINT('',(5.379324880422E-1,3.495216906816E0,-7.1E0));
#343=CARTESIAN_POINT('',(1.096231386017E0,3.472792255107E0,-7.1E0));
#344=CARTESIAN_POINT('',(1.671541973035E0,3.435337326364E0,-7.1E0));
#345=CARTESIAN_POINT('',(2.263416942833E0,3.383985101023E0,-7.1E0));
#346=CARTESIAN_POINT('',(2.871994556816E0,3.320296127643E0,-7.1E0));
#347=CARTESIAN_POINT('',(3.288787739945E0,3.270704773927E0,-7.1E0));
#348=CARTESIAN_POINT('',(3.5E0,3.244370406124E0,-7.1E0));
#350=CARTESIAN_POINT('',(3.5E0,3.244370406124E0,-7.1E0));
#351=CARTESIAN_POINT('',(3.5E0,3.270705413346E0,-7.311217388452E0));
#352=CARTESIAN_POINT('',(3.5E0,3.320297772272E0,-7.728020729830E0));
#353=CARTESIAN_POINT('',(3.5E0,3.383985684987E0,-8.336587065682E0));
#354=CARTESIAN_POINT('',(3.5E0,3.435340619308E0,-8.928502763936E0));
#355=CARTESIAN_POINT('',(3.5E0,3.472791458862E0,-9.503755631975E0));
#356=CARTESIAN_POINT('',(3.5E0,3.495217957567E0,-1.006209710256E1));
#357=CARTESIAN_POINT('',(3.5E0,3.5E0,-1.042262530276E1));
#358=CARTESIAN_POINT('',(3.5E0,3.5E0,-1.06E1));
#360=CARTESIAN_POINT('',(0.E0,3.5E0,-1.06E1));
#361=DIRECTION('',(0.E0,1.E0,0.E0));
#362=DIRECTION('',(1.E0,0.E0,0.E0));
#363=AXIS2_PLACEMENT_3D('',#360,#361,#362);
#365=CARTESIAN_POINT('',(0.E0,3.5E0,-1.06E1));
#366=DIRECTION('',(0.E0,1.E0,0.E0));
#367=DIRECTION('',(-1.153487707865E-14,0.E0,1.E0));
#368=AXIS2_PLACEMENT_3D('',#365,#366,#367);
#370=CARTESIAN_POINT('',(0.E0,3.5E0,-1.06E1));
#371=DIRECTION('',(0.E0,1.E0,0.E0));
#372=DIRECTION('',(-1.E0,0.E0,0.E0));
#373=AXIS2_PLACEMENT_3D('',#370,#371,#372);
#375=CARTESIAN_POINT('',(0.E0,3.5E0,-1.06E1));
#376=DIRECTION('',(0.E0,1.E0,0.E0));
#377=DIRECTION('',(1.170713172107E-14,0.E0,-1.E0));
#378=AXIS2_PLACEMENT_3D('',#375,#376,#377);
#380=CARTESIAN_POINT('',(3.5E0,3.244370406124E0,-1.41E1));
#381=CARTESIAN_POINT('',(3.288785353924E0,3.270705071421E0,-1.41E1));
#382=CARTESIAN_POINT('',(2.871988556625E0,3.320296769432E0,-1.41E1));
#383=CARTESIAN_POINT('',(2.263420961974E0,3.383984704537E0,-1.41E1));
#384=CARTESIAN_POINT('',(1.671535695848E0,3.435337897453E0,-1.41E1));
#385=CARTESIAN_POINT('',(1.096222481014E0,3.472792676048E0,-1.41E1));
#386=CARTESIAN_POINT('',(5.379325634316E-1,3.495216845087E0,-1.41E1));
#387=CARTESIAN_POINT('',(1.773862703583E-1,3.5E0,-1.41E1));
#388=CARTESIAN_POINT('',(4.101205340894E-14,3.5E0,-1.41E1));
#390=CARTESIAN_POINT('',(3.5E0,3.5E0,-1.06E1));
#391=CARTESIAN_POINT('',(3.5E0,3.5E0,-1.077737641140E1));
#392=CARTESIAN_POINT('',(3.5E0,3.495217864571E0,-1.113790746635E1));
#393=CARTESIAN_POINT('',(3.5E0,3.472791092248E0,-1.169625150401E1));
#394=CARTESIAN_POINT('',(3.5E0,3.435340008008E0,-1.227150520692E1));
#395=CARTESIAN_POINT('',(3.5E0,3.383984988500E0,-1.286342004161E1));
#396=CARTESIAN_POINT('',(3.5E0,3.320297245380E0,-1.347198380841E1));
#397=CARTESIAN_POINT('',(3.5E0,3.270705201341E0,-1.388878431191E1));
#398=CARTESIAN_POINT('',(3.5E0,3.244370406124E0,-1.41E1));
#400=CARTESIAN_POINT('',(-3.5E0,3.5E0,-1.06E1));
#401=CARTESIAN_POINT('',(-3.5E0,3.5E0,-1.042261397153E1));
#402=CARTESIAN_POINT('',(-3.5E0,3.495216906816E0,-1.006206751196E1));
#403=CARTESIAN_POINT('',(-3.5E0,3.472792255107E0,-9.503768613980E0));
#404=CARTESIAN_POINT('',(-3.5E0,3.435337326364E0,-8.928458026964E0));
#405=CARTESIAN_POINT('',(-3.5E0,3.383985101023E0,-8.336583057165E0));
#406=CARTESIAN_POINT('',(-3.5E0,3.320296127643E0,-7.728005443183E0));
#407=CARTESIAN_POINT('',(-3.5E0,3.270704773927E0,-7.311212260055E0));
#408=CARTESIAN_POINT('',(-3.5E0,3.244370406124E0,-7.1E0));
#410=CARTESIAN_POINT('',(-3.5E0,3.244370406124E0,-7.1E0));
#411=CARTESIAN_POINT('',(-3.288785353924E0,3.270705071421E0,-7.1E0));
#412=CARTESIAN_POINT('',(-2.871988556625E0,3.320296769432E0,-7.1E0));
#413=CARTESIAN_POINT('',(-2.263420961973E0,3.383984704538E0,-7.1E0));
#414=CARTESIAN_POINT('',(-1.671535695847E0,3.435337897453E0,-7.1E0));
#415=CARTESIAN_POINT('',(-1.096222481014E0,3.472792676048E0,-7.1E0));
#416=CARTESIAN_POINT('',(-5.379325634318E-1,3.495216845087E0,-7.1E0));
#417=CARTESIAN_POINT('',(-1.773862703583E-1,3.5E0,-7.1E0));
#418=CARTESIAN_POINT('',(-3.617552430549E-14,3.5E0,-7.1E0));
#420=CARTESIAN_POINT('',(-3.5E0,3.244370406124E0,-1.41E1));
#421=CARTESIAN_POINT('',(-3.5E0,3.270705071421E0,-1.388878535392E1));
#422=CARTESIAN_POINT('',(-3.5E0,3.320296769432E0,-1.347198855663E1));
#423=CARTESIAN_POINT('',(-3.5E0,3.383984704537E0,-1.286342096197E1));
#424=CARTESIAN_POINT('',(-3.5E0,3.435337897453E0,-1.227153569585E1));
#425=CARTESIAN_POINT('',(-3.5E0,3.472792676048E0,-1.169622248101E1));
#426=CARTESIAN_POINT('',(-3.5E0,3.495216845087E0,-1.113793256343E1));
#427=CARTESIAN_POINT('',(-3.5E0,3.5E0,-1.077738627036E1));
#428=CARTESIAN_POINT('',(-3.5E0,3.5E0,-1.06E1));
#430=CARTESIAN_POINT('',(4.101205340894E-14,3.5E0,-1.41E1));
#431=CARTESIAN_POINT('',(-1.773860284676E-1,3.5E0,-1.41E1));
#432=CARTESIAN_POINT('',(-5.379324880421E-1,3.495216906816E0,-1.41E1));
#433=CARTESIAN_POINT('',(-1.096231386019E0,3.472792255107E0,-1.41E1));
#434=CARTESIAN_POINT('',(-1.671541973037E0,3.435337326364E0,-1.41E1));
#435=CARTESIAN_POINT('',(-2.263416942835E0,3.383985101023E0,-1.41E1));
#436=CARTESIAN_POINT('',(-2.871994556818E0,3.320296127643E0,-1.41E1));
#437=CARTESIAN_POINT('',(-3.288787739946E0,3.270704773927E0,-1.41E1));
#438=CARTESIAN_POINT('',(-3.5E0,3.244370406124E0,-1.41E1));
#440=DIRECTION('',(0.E0,0.E0,1.E0));
#441=VECTOR('',#440,1.47E0);
#442=CARTESIAN_POINT('',(3.5E0,-5.56E0,-1.41E1));
#443=LINE('',#442,#441);
#444=DIRECTION('',(1.E0,0.E0,0.E0));
#445=VECTOR('',#444,1.47E0);
#446=CARTESIAN_POINT('',(2.03E0,-5.56E0,-1.41E1));
#447=LINE('',#446,#445);
#448=DIRECTION('',(0.E0,0.E0,1.E0));
#449=VECTOR('',#448,4.5E-1);
#450=CARTESIAN_POINT('',(2.03E0,-5.56E0,-1.41E1));
#451=LINE('',#450,#449);
#452=DIRECTION('',(0.E0,0.E0,-1.E0));
#453=VECTOR('',#452,1.47E0);
#454=CARTESIAN_POINT('',(2.03E0,-5.06E0,-1.263E1));
#455=LINE('',#454,#453);
#456=DIRECTION('',(1.E0,0.E0,0.E0));
#457=VECTOR('',#456,4.5E-1);
#458=CARTESIAN_POINT('',(3.05E0,-5.56E0,-1.263E1));
#459=LINE('',#458,#457);
#460=DIRECTION('',(0.E0,-1.E0,0.E0));
#461=VECTOR('',#460,3.5E0);
#462=CARTESIAN_POINT('',(2.03E0,-5.06E0,-1.263E1));
#463=LINE('',#462,#461);
#464=DIRECTION('',(-1.E0,0.E0,0.E0));
#465=VECTOR('',#464,1.47E0);
#466=CARTESIAN_POINT('',(3.5E0,-5.06E0,-1.263E1));
#467=LINE('',#466,#465);
#468=DIRECTION('',(0.E0,-1.E0,0.E0));
#469=VECTOR('',#468,3.E0);
#470=CARTESIAN_POINT('',(3.05E0,-5.56E0,-1.263E1));
#471=LINE('',#470,#469);
#472=DIRECTION('',(0.E0,0.E0,1.E0));
#473=VECTOR('',#472,1.02E0);
#474=CARTESIAN_POINT('',(3.05E0,-5.56E0,-1.365E1));
#475=LINE('',#474,#473);
#476=DIRECTION('',(0.E0,1.E0,0.E0));
#477=VECTOR('',#476,3.E0);
#478=CARTESIAN_POINT('',(2.03E0,-8.56E0,-1.365E1));
#479=LINE('',#478,#477);
#480=DIRECTION('',(0.E0,-1.E0,0.E0));
#481=VECTOR('',#480,3.E0);
#482=CARTESIAN_POINT('',(3.05E0,-5.56E0,-1.365E1));
#483=LINE('',#482,#481);
#484=DIRECTION('',(1.E0,0.E0,0.E0));
#485=VECTOR('',#484,1.02E0);
#486=CARTESIAN_POINT('',(2.03E0,-5.56E0,-1.365E1));
#487=LINE('',#486,#485);
#488=DIRECTION('',(0.E0,0.E0,-1.E0));
#489=VECTOR('',#488,1.02E0);
#490=CARTESIAN_POINT('',(2.03E0,-8.56E0,-1.263E1));
#491=LINE('',#490,#489);
#492=DIRECTION('',(-1.E0,0.E0,0.E0));
#493=VECTOR('',#492,1.02E0);
#494=CARTESIAN_POINT('',(3.05E0,-8.56E0,-1.263E1));
#495=LINE('',#494,#493);
#496=DIRECTION('',(0.E0,0.E0,1.E0));
#497=VECTOR('',#496,1.02E0);
#498=CARTESIAN_POINT('',(3.05E0,-8.56E0,-1.365E1));
#499=LINE('',#498,#497);
#500=DIRECTION('',(1.E0,0.E0,0.E0));
#501=VECTOR('',#500,1.02E0);
#502=CARTESIAN_POINT('',(2.03E0,-8.56E0,-1.365E1));
#503=LINE('',#502,#501);
#504=DIRECTION('',(0.E0,0.E0,-1.E0));
#505=VECTOR('',#504,4.06E0);
#506=CARTESIAN_POINT('',(-3.5E0,-5.06E0,-8.57E0));
#507=LINE('',#506,#505);
#508=DIRECTION('',(-1.E0,0.E0,0.E0));
#509=VECTOR('',#508,4.06E0);
#510=CARTESIAN_POINT('',(2.03E0,-5.06E0,-7.1E0));
#511=LINE('',#510,#509);
#512=DIRECTION('',(0.E0,0.E0,1.E0));
#513=VECTOR('',#512,4.06E0);
#514=CARTESIAN_POINT('',(3.5E0,-5.06E0,-1.263E1));
#515=LINE('',#514,#513);
#516=DIRECTION('',(1.E0,0.E0,0.E0));
#517=VECTOR('',#516,4.06E0);
#518=CARTESIAN_POINT('',(-2.03E0,-5.06E0,-1.41E1));
#519=LINE('',#518,#517);
#520=CARTESIAN_POINT('',(0.E0,-5.06E0,-1.06E1));
#521=DIRECTION('',(0.E0,1.E0,0.E0));
#522=DIRECTION('',(0.E0,0.E0,1.E0));
#523=AXIS2_PLACEMENT_3D('',#520,#521,#522);
#525=CARTESIAN_POINT('',(0.E0,-5.06E0,-1.06E1));
#526=DIRECTION('',(0.E0,1.E0,0.E0));
#527=DIRECTION('',(0.E0,0.E0,-1.E0));
#528=AXIS2_PLACEMENT_3D('',#525,#526,#527);
#530=DIRECTION('',(-1.E0,0.E0,0.E0));
#531=VECTOR('',#530,4.5E-1);
#532=CARTESIAN_POINT('',(-3.05E0,-5.56E0,-8.57E0));
#533=LINE('',#532,#531);
#534=DIRECTION('',(0.E0,-1.E0,0.E0));
#535=VECTOR('',#534,3.5E0);
#536=CARTESIAN_POINT('',(-2.03E0,-5.06E0,-8.57E0));
#537=LINE('',#536,#535);
#538=DIRECTION('',(1.E0,0.E0,0.E0));
#539=VECTOR('',#538,1.47E0);
#540=CARTESIAN_POINT('',(-3.5E0,-5.06E0,-8.57E0));
#541=LINE('',#540,#539);
#542=DIRECTION('',(0.E0,0.E0,-1.E0));
#543=VECTOR('',#542,1.47E0);
#544=CARTESIAN_POINT('',(-3.5E0,-5.56E0,-7.1E0));
#545=LINE('',#544,#543);
#546=DIRECTION('',(-1.E0,0.E0,0.E0));
#547=VECTOR('',#546,1.47E0);
#548=CARTESIAN_POINT('',(-2.03E0,-5.56E0,-7.1E0));
#549=LINE('',#548,#547);
#550=DIRECTION('',(0.E0,0.E0,1.E0));
#551=VECTOR('',#550,1.02E0);
#552=CARTESIAN_POINT('',(-3.05E0,-5.56E0,-8.57E0));
#553=LINE('',#552,#551);
#554=DIRECTION('',(0.E0,0.E0,-1.E0));
#555=VECTOR('',#554,4.5E-1);
#556=CARTESIAN_POINT('',(-2.03E0,-5.56E0,-7.1E0));
#557=LINE('',#556,#555);
#558=DIRECTION('',(0.E0,0.E0,1.E0));
#559=VECTOR('',#558,1.47E0);
#560=CARTESIAN_POINT('',(-2.03E0,-5.06E0,-8.57E0));
#561=LINE('',#560,#559);
#562=DIRECTION('',(1.E0,0.E0,0.E0));
#563=VECTOR('',#562,1.02E0);
#564=CARTESIAN_POINT('',(-3.05E0,-8.56E0,-8.57E0));
#565=LINE('',#564,#563);
#566=DIRECTION('',(0.E0,0.E0,-1.E0));
#567=VECTOR('',#566,1.02E0);
#568=CARTESIAN_POINT('',(-3.05E0,-8.56E0,-7.55E0));
#569=LINE('',#568,#567);
#570=DIRECTION('',(-1.E0,0.E0,0.E0));
#571=VECTOR('',#570,1.02E0);
#572=CARTESIAN_POINT('',(-2.03E0,-8.56E0,-7.55E0));
#573=LINE('',#572,#571);
#574=DIRECTION('',(0.E0,0.E0,1.E0));
#575=VECTOR('',#574,1.02E0);
#576=CARTESIAN_POINT('',(-2.03E0,-8.56E0,-8.57E0));
#577=LINE('',#576,#575);
#578=DIRECTION('',(0.E0,-1.E0,0.E0));
#579=VECTOR('',#578,3.E0);
#580=CARTESIAN_POINT('',(-3.05E0,-5.56E0,-8.57E0));
#581=LINE('',#580,#579);
#582=DIRECTION('',(0.E0,1.E0,0.E0));
#583=VECTOR('',#582,3.E0);
#584=CARTESIAN_POINT('',(-2.03E0,-8.56E0,-7.55E0));
#585=LINE('',#584,#583);
#586=DIRECTION('',(0.E0,-1.E0,0.E0));
#587=VECTOR('',#586,3.E0);
#588=CARTESIAN_POINT('',(-3.05E0,-5.56E0,-7.55E0));
#589=LINE('',#588,#587);
#590=DIRECTION('',(-1.E0,0.E0,0.E0));
#591=VECTOR('',#590,1.02E0);
#592=CARTESIAN_POINT('',(-2.03E0,-5.56E0,-7.55E0));
#593=LINE('',#592,#591);
#594=DIRECTION('',(0.E0,0.E0,1.E0));
#595=VECTOR('',#594,4.5E-1);
#596=CARTESIAN_POINT('',(2.03E0,-5.56E0,-7.55E0));
#597=LINE('',#596,#595);
#598=DIRECTION('',(0.E0,-1.E0,0.E0));
#599=VECTOR('',#598,3.5E0);
#600=CARTESIAN_POINT('',(2.03E0,-5.06E0,-8.57E0));
#601=LINE('',#600,#599);
#602=DIRECTION('',(0.E0,0.E0,-1.E0));
#603=VECTOR('',#602,1.47E0);
#604=CARTESIAN_POINT('',(2.03E0,-5.06E0,-7.1E0));
#605=LINE('',#604,#603);
#606=DIRECTION('',(-1.E0,0.E0,0.E0));
#607=VECTOR('',#606,1.47E0);
#608=CARTESIAN_POINT('',(3.5E0,-5.56E0,-7.1E0));
#609=LINE('',#608,#607);
#610=DIRECTION('',(0.E0,0.E0,1.E0));
#611=VECTOR('',#610,1.47E0);
#612=CARTESIAN_POINT('',(3.5E0,-5.56E0,-8.57E0));
#613=LINE('',#612,#611);
#614=DIRECTION('',(-1.E0,0.E0,0.E0));
#615=VECTOR('',#614,4.5E-1);
#616=CARTESIAN_POINT('',(3.5E0,-5.56E0,-8.57E0));
#617=LINE('',#616,#615);
#618=DIRECTION('',(1.E0,0.E0,0.E0));
#619=VECTOR('',#618,1.47E0);
#620=CARTESIAN_POINT('',(2.03E0,-5.06E0,-8.57E0));
#621=LINE('',#620,#619);
#622=DIRECTION('',(0.E0,0.E0,-1.E0));
#623=VECTOR('',#622,1.02E0);
#624=CARTESIAN_POINT('',(2.03E0,-8.56E0,-7.55E0));
#625=LINE('',#624,#623);
#626=DIRECTION('',(-1.E0,0.E0,0.E0));
#627=VECTOR('',#626,1.02E0);
#628=CARTESIAN_POINT('',(3.05E0,-8.56E0,-7.55E0));
#629=LINE('',#628,#627);
#630=DIRECTION('',(0.E0,0.E0,1.E0));
#631=VECTOR('',#630,1.02E0);
#632=CARTESIAN_POINT('',(3.05E0,-8.56E0,-8.57E0));
#633=LINE('',#632,#631);
#634=DIRECTION('',(1.E0,0.E0,0.E0));
#635=VECTOR('',#634,1.02E0);
#636=CARTESIAN_POINT('',(2.03E0,-8.56E0,-8.57E0));
#637=LINE('',#636,#635);
#638=DIRECTION('',(0.E0,-1.E0,0.E0));
#639=VECTOR('',#638,3.E0);
#640=CARTESIAN_POINT('',(2.03E0,-5.56E0,-7.55E0));
#641=LINE('',#640,#639);
#642=DIRECTION('',(-1.E0,0.E0,0.E0));
#643=VECTOR('',#642,1.02E0);
#644=CARTESIAN_POINT('',(3.05E0,-5.56E0,-7.55E0));
#645=LINE('',#644,#643);
#646=DIRECTION('',(0.E0,1.E0,0.E0));
#647=VECTOR('',#646,3.E0);
#648=CARTESIAN_POINT('',(3.05E0,-8.56E0,-8.57E0));
#649=LINE('',#648,#647);
#650=DIRECTION('',(0.E0,-1.E0,0.E0));
#651=VECTOR('',#650,3.E0);
#652=CARTESIAN_POINT('',(3.05E0,-5.56E0,-7.55E0));
#653=LINE('',#652,#651);
#654=DIRECTION('',(0.E0,0.E0,1.E0));
#655=VECTOR('',#654,1.02E0);
#656=CARTESIAN_POINT('',(3.05E0,-5.56E0,-8.57E0));
#657=LINE('',#656,#655);
#658=DIRECTION('',(0.E0,0.E0,-1.E0));
#659=VECTOR('',#658,4.5E-1);
#660=CARTESIAN_POINT('',(-2.03E0,-5.56E0,-1.365E1));
#661=LINE('',#660,#659);
#662=DIRECTION('',(0.E0,-1.E0,0.E0));
#663=VECTOR('',#662,3.5E0);
#664=CARTESIAN_POINT('',(-2.03E0,-5.06E0,-1.263E1));
#665=LINE('',#664,#663);
#666=DIRECTION('',(0.E0,0.E0,1.E0));
#667=VECTOR('',#666,1.47E0);
#668=CARTESIAN_POINT('',(-2.03E0,-5.06E0,-1.41E1));
#669=LINE('',#668,#667);
#670=DIRECTION('',(0.E0,0.E0,1.E0));
#671=VECTOR('',#670,1.02E0);
#672=CARTESIAN_POINT('',(-3.05E0,-5.56E0,-1.365E1));
#673=LINE('',#672,#671);
#674=DIRECTION('',(1.E0,0.E0,0.E0));
#675=VECTOR('',#674,1.47E0);
#676=CARTESIAN_POINT('',(-3.5E0,-5.56E0,-1.41E1));
#677=LINE('',#676,#675);
#678=DIRECTION('',(0.E0,0.E0,-1.E0));
#679=VECTOR('',#678,1.47E0);
#680=CARTESIAN_POINT('',(-3.5E0,-5.56E0,-1.263E1));
#681=LINE('',#680,#679);
#682=DIRECTION('',(0.E0,1.E0,0.E0));
#683=VECTOR('',#682,3.E0);
#684=CARTESIAN_POINT('',(-3.05E0,-8.56E0,-1.263E1));
#685=LINE('',#684,#683);
#686=DIRECTION('',(0.E0,-1.E0,0.E0));
#687=VECTOR('',#686,3.E0);
#688=CARTESIAN_POINT('',(-3.05E0,-5.56E0,-1.365E1));
#689=LINE('',#688,#687);
#690=DIRECTION('',(1.E0,0.E0,0.E0));
#691=VECTOR('',#690,4.5E-1);
#692=CARTESIAN_POINT('',(-3.5E0,-5.56E0,-1.263E1));
#693=LINE('',#692,#691);
#694=DIRECTION('',(-1.E0,0.E0,0.E0));
#695=VECTOR('',#694,1.47E0);
#696=CARTESIAN_POINT('',(-2.03E0,-5.06E0,-1.263E1));
#697=LINE('',#696,#695);
#698=DIRECTION('',(0.E0,0.E0,-1.E0));
#699=VECTOR('',#698,1.02E0);
#700=CARTESIAN_POINT('',(-3.05E0,-8.56E0,-1.263E1));
#701=LINE('',#700,#699);
#702=DIRECTION('',(-1.E0,0.E0,0.E0));
#703=VECTOR('',#702,1.02E0);
#704=CARTESIAN_POINT('',(-2.03E0,-8.56E0,-1.263E1));
#705=LINE('',#704,#703);
#706=DIRECTION('',(0.E0,0.E0,1.E0));
#707=VECTOR('',#706,1.02E0);
#708=CARTESIAN_POINT('',(-2.03E0,-8.56E0,-1.365E1));
#709=LINE('',#708,#707);
#710=DIRECTION('',(1.E0,0.E0,0.E0));
#711=VECTOR('',#710,1.02E0);
#712=CARTESIAN_POINT('',(-3.05E0,-8.56E0,-1.365E1));
#713=LINE('',#712,#711);
#714=DIRECTION('',(0.E0,-1.E0,0.E0));
#715=VECTOR('',#714,3.E0);
#716=CARTESIAN_POINT('',(-2.03E0,-5.56E0,-1.365E1));
#717=LINE('',#716,#715);
#718=DIRECTION('',(1.E0,0.E0,0.E0));
#719=VECTOR('',#718,1.02E0);
#720=CARTESIAN_POINT('',(-3.05E0,-5.56E0,-1.365E1));
#721=LINE('',#720,#719);
#722=CARTESIAN_POINT('',(0.E0,-4.9E0,-1.06E1));
#723=DIRECTION('',(0.E0,1.E0,0.E0));
#724=DIRECTION('',(0.E0,0.E0,1.E0));
#725=AXIS2_PLACEMENT_3D('',#722,#723,#724);
#727=DIRECTION('',(0.E0,7.071067811865E-1,-7.071067811866E-1));
#728=VECTOR('',#727,2.262741699797E-1);
#729=CARTESIAN_POINT('',(0.E0,-5.06E0,-8.925E0));
#730=LINE('',#729,#728);
#731=CARTESIAN_POINT('',(0.E0,-4.9E0,-1.06E1));
#732=DIRECTION('',(0.E0,1.E0,0.E0));
#733=DIRECTION('',(1.E0,0.E0,0.E0));
#734=AXIS2_PLACEMENT_3D('',#731,#732,#733);
#736=DIRECTION('',(-2.220446049250E-14,1.E0,0.E0));
#737=VECTOR('',#736,1.E-2);
#738=CARTESIAN_POINT('',(1.515E0,-4.91E0,-1.06E1));
#739=LINE('',#738,#737);
#740=DIRECTION('',(0.E0,1.E0,0.E0));
#741=VECTOR('',#740,1.E-2);
#742=CARTESIAN_POINT('',(-1.515E0,-4.91E0,-1.06E1));
#743=LINE('',#742,#741);
#744=CARTESIAN_POINT('',(0.E0,-4.9E0,-1.06E1));
#745=DIRECTION('',(0.E0,1.E0,0.E0));
#746=DIRECTION('',(-1.E0,0.E0,0.E0));
#747=AXIS2_PLACEMENT_3D('',#744,#745,#746);
#749=CARTESIAN_POINT('',(0.E0,-4.9E0,-1.06E1));
#750=DIRECTION('',(0.E0,1.E0,0.E0));
#751=DIRECTION('',(0.E0,0.E0,-1.E0));
#752=AXIS2_PLACEMENT_3D('',#749,#750,#751);
#754=DIRECTION('',(0.E0,7.071067811865E-1,7.071067811866E-1));
#755=VECTOR('',#754,2.262741699797E-1);
#756=CARTESIAN_POINT('',(0.E0,-5.06E0,-1.2275E1));
#757=LINE('',#756,#755);
#758=DIRECTION('',(-7.071067811866E-1,-7.071067811865E-1,0.E0));
#759=VECTOR('',#758,2.121320343560E-1);
#760=CARTESIAN_POINT('',(1.515E0,-4.91E0,-1.06E1));
#761=LINE('',#760,#759);
#762=CARTESIAN_POINT('',(0.E0,-4.91E0,-1.06E1));
#763=DIRECTION('',(0.E0,-1.E0,0.E0));
#764=DIRECTION('',(-1.E0,0.E0,0.E0));
#765=AXIS2_PLACEMENT_3D('',#762,#763,#764);
#767=CARTESIAN_POINT('',(0.E0,-5.06E0,-1.06E1));
#768=DIRECTION('',(0.E0,-1.E0,0.E0));
#769=DIRECTION('',(-1.E0,0.E0,0.E0));
#770=AXIS2_PLACEMENT_3D('',#767,#768,#769);
#772=CARTESIAN_POINT('',(0.E0,-5.06E0,-1.06E1));
#773=DIRECTION('',(0.E0,-1.E0,0.E0));
#774=DIRECTION('',(1.E0,0.E0,0.E0));
#775=AXIS2_PLACEMENT_3D('',#772,#773,#774);
#777=CARTESIAN_POINT('',(0.E0,-5.06E0,-1.060000044803E1));
#778=DIRECTION('',(0.E0,1.E0,0.E0));
#779=DIRECTION('',(-1.E0,0.E0,0.E0));
#780=AXIS2_PLACEMENT_3D('',#777,#778,#779);
#782=CARTESIAN_POINT('',(0.E0,-5.06E0,-1.060000044803E1));
#783=DIRECTION('',(0.E0,1.E0,0.E0));
#784=DIRECTION('',(1.E0,0.E0,0.E0));
#785=AXIS2_PLACEMENT_3D('',#782,#783,#784);
#787=CARTESIAN_POINT('',(0.E0,-4.91E0,-1.06E1));
#788=DIRECTION('',(0.E0,-1.E0,0.E0));
#789=DIRECTION('',(1.E0,0.E0,0.E0));
#790=AXIS2_PLACEMENT_3D('',#787,#788,#789);
#792=DIRECTION('',(7.071067811866E-1,-7.071067811865E-1,0.E0));
#793=VECTOR('',#792,2.121320343560E-1);
#794=CARTESIAN_POINT('',(-1.515E0,-4.91E0,-1.06E1));
#795=LINE('',#794,#793);
#796=DIRECTION('',(0.E0,-1.E0,0.E0));
#797=VECTOR('',#796,3.04E0);
#798=CARTESIAN_POINT('',(-4.5E-1,-5.06E0,-1.060000044803E1));
#799=LINE('',#798,#797);
#800=CARTESIAN_POINT('',(0.E0,-8.1E0,-1.060000044803E1));
#801=DIRECTION('',(0.E0,-1.E0,0.E0));
#802=DIRECTION('',(1.E0,0.E0,0.E0));
#803=AXIS2_PLACEMENT_3D('',#800,#801,#802);
#805=DIRECTION('',(7.071067811866E-1,-7.071067811865E-1,0.E0));
#806=VECTOR('',#805,2.828427124746E-1);
#807=CARTESIAN_POINT('',(-4.5E-1,-8.1E0,-1.060000044803E1));
#808=LINE('',#807,#806);
#809=DIRECTION('',(-7.071067811866E-1,-7.071067811865E-1,0.E0));
#810=VECTOR('',#809,2.828427124746E-1);
#811=CARTESIAN_POINT('',(4.5E-1,-8.1E0,-1.060000044803E1));
#812=LINE('',#811,#810);
#813=CARTESIAN_POINT('',(0.E0,-8.1E0,-1.060000044803E1));
#814=DIRECTION('',(0.E0,-1.E0,0.E0));
#815=DIRECTION('',(-1.E0,0.E0,0.E0));
#816=AXIS2_PLACEMENT_3D('',#813,#814,#815);
#818=DIRECTION('',(0.E0,-1.E0,0.E0));
#819=VECTOR('',#818,3.04E0);
#820=CARTESIAN_POINT('',(4.5E-1,-5.06E0,-1.060000044803E1));
#821=LINE('',#820,#819);
#822=CARTESIAN_POINT('',(0.E0,-8.3E0,-1.060000044803E1));
#823=DIRECTION('',(0.E0,-1.E0,0.E0));
#824=DIRECTION('',(1.E0,0.E0,0.E0));
#825=AXIS2_PLACEMENT_3D('',#822,#823,#824);
#827=CARTESIAN_POINT('',(0.E0,-8.3E0,-1.060000044803E1));
#828=DIRECTION('',(0.E0,-1.E0,0.E0));
#829=DIRECTION('',(-1.E0,0.E0,0.E0));
#830=AXIS2_PLACEMENT_3D('',#827,#828,#829);
#832=DIRECTION('',(0.E0,0.E0,-1.E0));
#833=VECTOR('',#832,6.E-1);
#834=CARTESIAN_POINT('',(3.2E0,0.E0,-6.5E0));
#835=LINE('',#834,#833);
#836=CARTESIAN_POINT('',(-1.755E0,0.E0,-3.575377953694E0));
#837=DIRECTION('',(0.E0,-1.E0,0.E0));
#838=DIRECTION('',(7.456561006172E-1,0.E0,-6.663309835302E-1));
#839=AXIS2_PLACEMENT_3D('',#836,#837,#838);
#841=CARTESIAN_POINT('',(0.E0,0.E0,-3.662000981553E0));
#842=DIRECTION('',(0.E0,0.E0,1.E0));
#843=DIRECTION('',(0.E0,1.E0,0.E0));
#844=AXIS2_PLACEMENT_3D('',#841,#842,#843);
#846=CARTESIAN_POINT('',(0.E0,0.E0,-3.662000981553E0));
#847=DIRECTION('',(0.E0,0.E0,1.E0));
#848=DIRECTION('',(1.E0,0.E0,0.E0));
#849=AXIS2_PLACEMENT_3D('',#846,#847,#848);
#851=CARTESIAN_POINT('',(0.E0,0.E0,-3.575377953694E0));
#852=DIRECTION('',(0.E0,0.E0,-1.E0));
#853=DIRECTION('',(0.E0,1.E0,0.E0));
#854=AXIS2_PLACEMENT_3D('',#851,#852,#853);
#856=CARTESIAN_POINT('',(0.E0,0.E0,-3.575377953694E0));
#857=DIRECTION('',(0.E0,0.E0,-1.E0));
#858=DIRECTION('',(-1.E0,0.E0,0.E0));
#859=AXIS2_PLACEMENT_3D('',#856,#857,#858);
#861=DIRECTION('',(-2.588190451025E-1,0.E0,9.659258262891E-1));
#862=VECTOR('',#861,5.176380902050E-1);
#863=CARTESIAN_POINT('',(1.835E0,0.E0,-5.E-1));
#864=LINE('',#863,#862);
#865=CARTESIAN_POINT('',(0.E0,0.E0,-5.E-1));
#866=DIRECTION('',(0.E0,0.E0,1.E0));
#867=DIRECTION('',(-1.E0,0.E0,0.E0));
#868=AXIS2_PLACEMENT_3D('',#865,#866,#867);
#870=DIRECTION('',(7.071067811865E-1,0.E0,7.071067811865E-1));
#871=VECTOR('',#870,2.828427124746E-1);
#872=CARTESIAN_POINT('',(-1.38E0,0.E0,-3.5E-1));
#873=LINE('',#872,#871);
#874=CARTESIAN_POINT('',(0.E0,0.E0,-1.5E-1));
#875=DIRECTION('',(0.E0,0.E0,1.E0));
#876=DIRECTION('',(1.E0,0.E0,0.E0));
#877=AXIS2_PLACEMENT_3D('',#874,#875,#876);
#879=CARTESIAN_POINT('',(0.E0,0.E0,-1.5E-1));
#880=DIRECTION('',(0.E0,0.E0,1.E0));
#881=DIRECTION('',(-1.E0,0.E0,0.E0));
#882=AXIS2_PLACEMENT_3D('',#879,#880,#881);
#884=CARTESIAN_POINT('',(0.E0,0.E0,-1.5E-1));
#885=DIRECTION('',(0.E0,0.E0,-1.E0));
#886=DIRECTION('',(1.E0,0.E0,0.E0));
#887=AXIS2_PLACEMENT_3D('',#884,#885,#886);
#889=CARTESIAN_POINT('',(0.E0,0.E0,-1.5E-1));
#890=DIRECTION('',(0.E0,0.E0,-1.E0));
#891=DIRECTION('',(-1.E0,0.E0,0.E0));
#892=AXIS2_PLACEMENT_3D('',#889,#890,#891);
#894=DIRECTION('',(-7.071067811865E-1,0.E0,7.071067811865E-1));
#895=VECTOR('',#894,2.828427124746E-1);
#896=CARTESIAN_POINT('',(1.38E0,0.E0,-3.5E-1));
#897=LINE('',#896,#895);
#898=DIRECTION('',(0.E0,0.E0,-1.E0));
#899=VECTOR('',#898,3.28E0);
#900=CARTESIAN_POINT('',(1.05E0,0.E0,-1.5E-1));
#901=LINE('',#900,#899);
#902=CARTESIAN_POINT('',(0.E0,0.E0,-3.43E0));
#903=DIRECTION('',(0.E0,0.E0,1.E0));
#904=DIRECTION('',(-1.E0,0.E0,0.E0));
#905=AXIS2_PLACEMENT_3D('',#902,#903,#904);
#907=CARTESIAN_POINT('',(0.E0,0.E0,-3.43E0));
#908=DIRECTION('',(0.E0,0.E0,1.E0));
#909=DIRECTION('',(1.E0,0.E0,0.E0));
#910=AXIS2_PLACEMENT_3D('',#907,#908,#909);
#912=CARTESIAN_POINT('',(0.E0,0.E0,-3.43E0));
#913=DIRECTION('',(0.E0,0.E0,-1.E0));
#914=DIRECTION('',(1.E0,0.E0,0.E0));
#915=AXIS2_PLACEMENT_3D('',#912,#913,#914);
#917=CARTESIAN_POINT('',(0.E0,0.E0,-3.43E0));
#918=DIRECTION('',(0.E0,0.E0,-1.E0));
#919=DIRECTION('',(-1.E0,0.E0,0.E0));
#920=AXIS2_PLACEMENT_3D('',#917,#918,#919);
#922=DIRECTION('',(0.E0,0.E0,-1.E0));
#923=VECTOR('',#922,3.28E0);
#924=CARTESIAN_POINT('',(-1.05E0,0.E0,-1.5E-1));
#925=LINE('',#924,#923);
#926=DIRECTION('',(0.E0,0.E0,-1.E0));
#927=VECTOR('',#926,6.E-2);
#928=CARTESIAN_POINT('',(4.5E-1,0.E0,-3.43E0));
#929=LINE('',#928,#927);
#930=CARTESIAN_POINT('',(0.E0,0.E0,-3.49E0));
#931=DIRECTION('',(0.E0,0.E0,1.E0));
#932=DIRECTION('',(-1.E0,0.E0,0.E0));
#933=AXIS2_PLACEMENT_3D('',#930,#931,#932);
#935=CARTESIAN_POINT('',(0.E0,0.E0,-3.49E0));
#936=DIRECTION('',(0.E0,0.E0,1.E0));
#937=DIRECTION('',(1.E0,0.E0,0.E0));
#938=AXIS2_PLACEMENT_3D('',#935,#936,#937);
#940=CARTESIAN_POINT('',(0.E0,0.E0,-3.49E0));
#941=DIRECTION('',(0.E0,0.E0,-1.E0));
#942=DIRECTION('',(1.E0,0.E0,0.E0));
#943=AXIS2_PLACEMENT_3D('',#940,#941,#942);
#945=CARTESIAN_POINT('',(0.E0,0.E0,-3.49E0));
#946=DIRECTION('',(0.E0,0.E0,-1.E0));
#947=DIRECTION('',(-1.E0,0.E0,0.E0));
#948=AXIS2_PLACEMENT_3D('',#945,#946,#947);
#950=DIRECTION('',(0.E0,0.E0,-1.E0));
#951=VECTOR('',#950,6.E-2);
#952=CARTESIAN_POINT('',(-4.5E-1,0.E0,-3.43E0));
#953=LINE('',#952,#951);
#954=DIRECTION('',(0.E0,0.E0,-1.E0));
#955=VECTOR('',#954,2.17E0);
#956=CARTESIAN_POINT('',(-2.55E-1,0.E0,-1.32E0));
#957=LINE('',#956,#955);
#958=DIRECTION('',(0.E0,0.E0,-1.E0));
#959=VECTOR('',#958,2.17E0);
#960=CARTESIAN_POINT('',(2.55E-1,0.E0,-1.32E0));
#961=LINE('',#960,#959);
#962=DIRECTION('',(3.907311284893E-1,0.E0,9.205048534524E-1));
#963=VECTOR('',#962,4.345441509621E-1);
#964=CARTESIAN_POINT('',(-2.55E-1,0.E0,-1.32E0));
#965=LINE('',#964,#963);
#966=CARTESIAN_POINT('',(0.E0,0.E0,-1.32E0));
#967=DIRECTION('',(0.E0,0.E0,1.E0));
#968=DIRECTION('',(1.E0,0.E0,0.E0));
#969=AXIS2_PLACEMENT_3D('',#966,#967,#968);
#971=CARTESIAN_POINT('',(0.E0,0.E0,-9.2E-1));
#972=DIRECTION('',(0.E0,0.E0,1.E0));
#973=DIRECTION('',(1.E0,0.E0,0.E0));
#974=AXIS2_PLACEMENT_3D('',#971,#972,#973);
#976=CARTESIAN_POINT('',(0.E0,0.E0,-9.2E-1));
#977=DIRECTION('',(0.E0,0.E0,1.E0));
#978=DIRECTION('',(-1.E0,0.E0,0.E0));
#979=AXIS2_PLACEMENT_3D('',#976,#977,#978);
#981=DIRECTION('',(-3.907311284893E-1,0.E0,9.205048534524E-1));
#982=VECTOR('',#981,4.345441509621E-1);
#983=CARTESIAN_POINT('',(2.55E-1,0.E0,-1.32E0));
#984=LINE('',#983,#982);
#985=CARTESIAN_POINT('',(0.E0,0.E0,-1.32E0));
#986=DIRECTION('',(0.E0,0.E0,1.E0));
#987=DIRECTION('',(-1.E0,0.E0,0.E0));
#988=AXIS2_PLACEMENT_3D('',#985,#986,#987);
#990=CARTESIAN_POINT('',(-1.4E0,0.E0,-3.5E-1));
#991=CARTESIAN_POINT('',(1.4E0,0.E0,-3.5E-1));
#992=VERTEX_POINT('',#990);
#993=VERTEX_POINT('',#991);
#994=CARTESIAN_POINT('',(-1.4E0,0.E0,0.E0));
#995=VERTEX_POINT('',#994);
#996=CARTESIAN_POINT('',(1.4E0,0.E0,0.E0));
#997=VERTEX_POINT('',#996);
#998=CARTESIAN_POINT('',(-1.38E0,0.E0,-3.5E-1));
#999=CARTESIAN_POINT('',(1.38E0,0.E0,-3.5E-1));
#1000=VERTEX_POINT('',#998);
#1001=VERTEX_POINT('',#999);
#1002=CARTESIAN_POINT('',(8.521007351616E-2,0.E0,-9.2E-1));
#1003=CARTESIAN_POINT('',(-8.521007351616E-2,0.E0,-9.2E-1));
#1004=VERTEX_POINT('',#1002);
#1005=VERTEX_POINT('',#1003);
#1006=CARTESIAN_POINT('',(1.18E0,0.E0,-1.5E-1));
#1007=CARTESIAN_POINT('',(-1.18E0,0.E0,-1.5E-1));
#1008=VERTEX_POINT('',#1006);
#1009=VERTEX_POINT('',#1007);
#1010=CARTESIAN_POINT('',(1.05E0,0.E0,-1.5E-1));
#1011=CARTESIAN_POINT('',(-1.05E0,0.E0,-1.5E-1));
#1012=VERTEX_POINT('',#1010);
#1013=VERTEX_POINT('',#1011);
#1014=CARTESIAN_POINT('',(-1.05E0,0.E0,-3.43E0));
#1015=CARTESIAN_POINT('',(1.05E0,0.E0,-3.43E0));
#1016=VERTEX_POINT('',#1014);
#1017=VERTEX_POINT('',#1015);
#1018=CARTESIAN_POINT('',(4.5E-1,0.E0,-3.43E0));
#1019=CARTESIAN_POINT('',(-4.5E-1,0.E0,-3.43E0));
#1020=VERTEX_POINT('',#1018);
#1021=VERTEX_POINT('',#1019);
#1022=CARTESIAN_POINT('',(-4.5E-1,0.E0,-3.49E0));
#1023=CARTESIAN_POINT('',(4.5E-1,0.E0,-3.49E0));
#1024=VERTEX_POINT('',#1022);
#1025=VERTEX_POINT('',#1023);
#1026=CARTESIAN_POINT('',(2.55E-1,0.E0,-3.49E0));
#1027=CARTESIAN_POINT('',(-2.55E-1,0.E0,-3.49E0));
#1028=VERTEX_POINT('',#1026);
#1029=VERTEX_POINT('',#1027);
#1030=CARTESIAN_POINT('',(2.55E-1,0.E0,-1.32E0));
#1031=CARTESIAN_POINT('',(-2.55E-1,0.E0,-1.32E0));
#1032=VERTEX_POINT('',#1030);
#1033=VERTEX_POINT('',#1031);
#1034=CARTESIAN_POINT('',(1.701025403784E0,0.E0,0.E0));
#1035=CARTESIAN_POINT('',(-1.701025403784E0,0.E0,0.E0));
#1036=VERTEX_POINT('',#1034);
#1037=VERTEX_POINT('',#1035);
#1038=CARTESIAN_POINT('',(1.835E0,0.E0,-5.E-1));
#1039=CARTESIAN_POINT('',(-1.835E0,0.E0,-5.E-1));
#1040=VERTEX_POINT('',#1038);
#1041=VERTEX_POINT('',#1039);
#1042=CARTESIAN_POINT('',(1.835E0,0.E0,-6.5E0));
#1043=CARTESIAN_POINT('',(-1.835E0,0.E0,-6.5E0));
#1044=VERTEX_POINT('',#1042);
#1045=VERTEX_POINT('',#1043);
#1046=CARTESIAN_POINT('',(1.835E0,0.E0,-3.898170804851E0));
#1047=VERTEX_POINT('',#1046);
#1048=CARTESIAN_POINT('',(-1.835E0,0.E0,-3.898170804851E0));
#1049=VERTEX_POINT('',#1048);
#1050=CARTESIAN_POINT('',(1.835E0,0.E0,-3.021829195149E0));
#1051=CARTESIAN_POINT('',(-1.835E0,0.E0,-3.021829195149E0));
#1052=VERTEX_POINT('',#1050);
#1053=VERTEX_POINT('',#1051);
#1054=CARTESIAN_POINT('',(0.E0,-1.809565610062E0,-3.088462293502E0));
#1055=CARTESIAN_POINT('',(1.809565610062E0,0.E0,-3.088462293502E0));
#1056=VERTEX_POINT('',#1054);
#1057=VERTEX_POINT('',#1055);
#1058=CARTESIAN_POINT('',(0.E0,-1.658064706920E0,-3.257999018447E0));
#1059=VERTEX_POINT('',#1058);
#1060=CARTESIAN_POINT('',(1.658064706920E0,0.E0,-3.257999018447E0));
#1061=VERTEX_POINT('',#1060);
#1062=CARTESIAN_POINT('',(0.E0,1.658064706920E0,-3.257999018447E0));
#1063=VERTEX_POINT('',#1062);
#1064=CARTESIAN_POINT('',(0.E0,1.809565610062E0,-3.088462293502E0));
#1065=VERTEX_POINT('',#1064);
#1066=CARTESIAN_POINT('',(1.625E0,0.E0,-3.344622046306E0));
#1067=CARTESIAN_POINT('',(0.E0,1.625E0,-3.344622046306E0));
#1068=VERTEX_POINT('',#1066);
#1069=VERTEX_POINT('',#1067);
#1070=CARTESIAN_POINT('',(0.E0,-1.625E0,-3.344622046306E0));
#1071=VERTEX_POINT('',#1070);
#1072=CARTESIAN_POINT('',(0.E0,-1.625E0,-3.575377953694E0));
#1073=VERTEX_POINT('',#1072);
#1074=CARTESIAN_POINT('',(1.625E0,0.E0,-3.575377953694E0));
#1075=VERTEX_POINT('',#1074);
#1076=CARTESIAN_POINT('',(0.E0,1.625E0,-3.575377953694E0));
#1077=VERTEX_POINT('',#1076);
#1078=CARTESIAN_POINT('',(-1.658064706920E0,0.E0,-3.662000981553E0));
#1079=CARTESIAN_POINT('',(0.E0,-1.658064706920E0,-3.662000981553E0));
#1080=VERTEX_POINT('',#1078);
#1081=VERTEX_POINT('',#1079);
#1082=CARTESIAN_POINT('',(0.E0,1.658064706920E0,-3.662000981553E0));
#1083=VERTEX_POINT('',#1082);
#1084=CARTESIAN_POINT('',(0.E0,1.809565610062E0,-3.831537706498E0));
#1085=VERTEX_POINT('',#1084);
#1086=CARTESIAN_POINT('',(-1.809565610062E0,0.E0,-3.831537706498E0));
#1087=VERTEX_POINT('',#1086);
#1088=CARTESIAN_POINT('',(0.E0,-1.809565610062E0,-3.831537706498E0));
#1089=VERTEX_POINT('',#1088);
#1090=CARTESIAN_POINT('',(0.E0,1.835E0,-3.898170804851E0));
#1091=VERTEX_POINT('',#1090);
#1092=CARTESIAN_POINT('',(1.809565610062E0,0.E0,-3.831537706498E0));
#1093=VERTEX_POINT('',#1092);
#1094=CARTESIAN_POINT('',(-1.809565610062E0,0.E0,-3.088462293502E0));
#1095=VERTEX_POINT('',#1094);
#1096=CARTESIAN_POINT('',(1.658064706920E0,0.E0,-3.662000981553E0));
#1097=VERTEX_POINT('',#1096);
#1098=CARTESIAN_POINT('',(-1.625E0,0.E0,-3.575377953694E0));
#1099=VERTEX_POINT('',#1098);
#1100=CARTESIAN_POINT('',(-1.625E0,0.E0,-3.344622046306E0));
#1101=VERTEX_POINT('',#1100);
#1102=CARTESIAN_POINT('',(-1.658064706920E0,0.E0,-3.257999018447E0));
#1103=VERTEX_POINT('',#1102);
#1104=VERTEX_POINT('',#400);
#1105=VERTEX_POINT('',#408);
#1106=VERTEX_POINT('',#418);
#1107=CARTESIAN_POINT('',(-3.2E0,0.E0,-6.5E0));
#1108=CARTESIAN_POINT('',(3.2E0,0.E0,-6.5E0));
#1109=VERTEX_POINT('',#1107);
#1110=VERTEX_POINT('',#1108);
#1111=CARTESIAN_POINT('',(3.2E0,0.E0,-7.1E0));
#1112=CARTESIAN_POINT('',(-3.2E0,0.E0,-7.1E0));
#1113=VERTEX_POINT('',#1111);
#1114=VERTEX_POINT('',#1112);
#1115=CARTESIAN_POINT('',(-3.5E0,-5.56E0,-7.1E0));
#1116=VERTEX_POINT('',#1115);
#1117=CARTESIAN_POINT('',(-2.03E0,-5.56E0,-7.1E0));
#1118=VERTEX_POINT('',#1117);
#1119=CARTESIAN_POINT('',(-2.03E0,-5.06E0,-7.1E0));
#1120=VERTEX_POINT('',#1119);
#1121=CARTESIAN_POINT('',(2.03E0,-5.06E0,-7.1E0));
#1122=VERTEX_POINT('',#1121);
#1123=CARTESIAN_POINT('',(2.03E0,-5.56E0,-7.1E0));
#1124=VERTEX_POINT('',#1123);
#1125=CARTESIAN_POINT('',(3.5E0,-5.56E0,-7.1E0));
#1126=VERTEX_POINT('',#1125);
#1127=CARTESIAN_POINT('',(3.5E0,3.244370406124E0,-7.1E0));
#1128=VERTEX_POINT('',#1127);
#1129=CARTESIAN_POINT('',(-3.5E0,-5.56E0,-1.41E1));
#1130=CARTESIAN_POINT('',(-3.5E0,3.244370406124E0,-1.41E1));
#1131=VERTEX_POINT('',#1129);
#1132=VERTEX_POINT('',#1130);
#1133=CARTESIAN_POINT('',(-3.5E0,-5.56E0,-1.263E1));
#1134=VERTEX_POINT('',#1133);
#1135=CARTESIAN_POINT('',(-3.5E0,-5.06E0,-1.263E1));
#1136=VERTEX_POINT('',#1135);
#1137=CARTESIAN_POINT('',(-3.5E0,-5.06E0,-8.57E0));
#1138=VERTEX_POINT('',#1137);
#1139=CARTESIAN_POINT('',(-3.5E0,-5.56E0,-8.57E0));
#1140=VERTEX_POINT('',#1139);
#1141=CARTESIAN_POINT('',(-3.05E0,-5.56E0,-8.57E0));
#1142=VERTEX_POINT('',#1141);
#1143=CARTESIAN_POINT('',(-3.05E0,-5.56E0,-7.55E0));
#1144=VERTEX_POINT('',#1143);
#1145=CARTESIAN_POINT('',(-2.03E0,-5.56E0,-7.55E0));
#1146=VERTEX_POINT('',#1145);
#1147=CARTESIAN_POINT('',(2.03E0,-5.06E0,-1.263E1));
#1148=CARTESIAN_POINT('',(2.03E0,-8.56E0,-1.263E1));
#1149=VERTEX_POINT('',#1147);
#1150=VERTEX_POINT('',#1148);
#1151=CARTESIAN_POINT('',(2.03E0,-5.06E0,-1.41E1));
#1152=VERTEX_POINT('',#1151);
#1153=CARTESIAN_POINT('',(2.03E0,-5.56E0,-1.41E1));
#1154=VERTEX_POINT('',#1153);
#1155=CARTESIAN_POINT('',(2.03E0,-5.56E0,-1.365E1));
#1156=VERTEX_POINT('',#1155);
#1157=CARTESIAN_POINT('',(2.03E0,-8.56E0,-1.365E1));
#1158=VERTEX_POINT('',#1157);
#1159=CARTESIAN_POINT('',(3.05E0,-5.56E0,-1.365E1));
#1160=VERTEX_POINT('',#1159);
#1161=CARTESIAN_POINT('',(3.05E0,-8.56E0,-1.365E1));
#1162=VERTEX_POINT('',#1161);
#1163=CARTESIAN_POINT('',(3.05E0,-5.56E0,-1.263E1));
#1164=VERTEX_POINT('',#1163);
#1165=CARTESIAN_POINT('',(3.05E0,-8.56E0,-1.263E1));
#1166=VERTEX_POINT('',#1165);
#1167=CARTESIAN_POINT('',(3.5E0,-5.06E0,-1.263E1));
#1168=CARTESIAN_POINT('',(3.5E0,-5.56E0,-1.263E1));
#1169=VERTEX_POINT('',#1167);
#1170=VERTEX_POINT('',#1168);
#1171=CARTESIAN_POINT('',(-3.05E0,-5.56E0,-1.365E1));
#1172=CARTESIAN_POINT('',(-3.05E0,-5.56E0,-1.263E1));
#1173=VERTEX_POINT('',#1171);
#1174=VERTEX_POINT('',#1172);
#1175=CARTESIAN_POINT('',(-2.03E0,-5.56E0,-1.41E1));
#1176=VERTEX_POINT('',#1175);
#1177=CARTESIAN_POINT('',(-2.03E0,-5.56E0,-1.365E1));
#1178=VERTEX_POINT('',#1177);
#1179=CARTESIAN_POINT('',(-3.05E0,-8.56E0,-1.263E1));
#1180=VERTEX_POINT('',#1179);
#1181=CARTESIAN_POINT('',(-3.05E0,-8.56E0,-1.365E1));
#1182=VERTEX_POINT('',#1181);
#1183=CARTESIAN_POINT('',(-2.03E0,-8.56E0,-1.365E1));
#1184=VERTEX_POINT('',#1183);
#1185=CARTESIAN_POINT('',(-2.03E0,-5.06E0,-1.263E1));
#1186=CARTESIAN_POINT('',(-2.03E0,-8.56E0,-1.263E1));
#1187=VERTEX_POINT('',#1185);
#1188=VERTEX_POINT('',#1186);
#1189=CARTESIAN_POINT('',(-2.03E0,-5.06E0,-1.41E1));
#1190=VERTEX_POINT('',#1189);
#1191=CARTESIAN_POINT('',(3.5E0,-5.06E0,-8.57E0));
#1192=VERTEX_POINT('',#1191);
#1193=CARTESIAN_POINT('',(2.03E0,-5.06E0,-8.57E0));
#1194=VERTEX_POINT('',#1193);
#1195=CARTESIAN_POINT('',(-2.03E0,-5.06E0,-8.57E0));
#1196=VERTEX_POINT('',#1195);
#1197=CARTESIAN_POINT('',(0.E0,-5.06E0,-8.925E0));
#1198=CARTESIAN_POINT('',(0.E0,-5.06E0,-1.2275E1));
#1199=VERTEX_POINT('',#1197);
#1200=VERTEX_POINT('',#1198);
#1201=CARTESIAN_POINT('',(0.E0,-4.9E0,-9.085E0));
#1202=CARTESIAN_POINT('',(1.515E0,-4.9E0,-1.06E1));
#1203=VERTEX_POINT('',#1201);
#1204=VERTEX_POINT('',#1202);
#1205=CARTESIAN_POINT('',(0.E0,-4.9E0,-1.2115E1));
#1206=VERTEX_POINT('',#1205);
#1207=CARTESIAN_POINT('',(-1.515E0,-4.9E0,-1.06E1));
#1208=VERTEX_POINT('',#1207);
#1209=CARTESIAN_POINT('',(-1.515E0,-4.91E0,-1.06E1));
#1210=VERTEX_POINT('',#1209);
#1211=CARTESIAN_POINT('',(1.515E0,-4.91E0,-1.06E1));
#1212=VERTEX_POINT('',#1211);
#1213=CARTESIAN_POINT('',(-1.365E0,-5.06E0,-1.06E1));
#1214=CARTESIAN_POINT('',(1.365E0,-5.06E0,-1.06E1));
#1215=VERTEX_POINT('',#1213);
#1216=VERTEX_POINT('',#1214);
#1217=CARTESIAN_POINT('',(-4.5E-1,-5.06E0,-1.060000044803E1));
#1218=CARTESIAN_POINT('',(4.5E-1,-5.06E0,-1.060000044803E1));
#1219=VERTEX_POINT('',#1217);
#1220=VERTEX_POINT('',#1218);
#1221=CARTESIAN_POINT('',(4.5E-1,-8.1E0,-1.060000044803E1));
#1222=CARTESIAN_POINT('',(-4.5E-1,-8.1E0,-1.060000044803E1));
#1223=VERTEX_POINT('',#1221);
#1224=VERTEX_POINT('',#1222);
#1225=CARTESIAN_POINT('',(-2.5E-1,-8.3E0,-1.060000044803E1));
#1226=VERTEX_POINT('',#1225);
#1227=CARTESIAN_POINT('',(2.5E-1,-8.3E0,-1.060000044803E1));
#1228=VERTEX_POINT('',#1227);
#1229=CARTESIAN_POINT('',(-2.03E0,-8.56E0,-8.57E0));
#1230=VERTEX_POINT('',#1229);
#1231=CARTESIAN_POINT('',(-3.05E0,-8.56E0,-8.57E0));
#1232=VERTEX_POINT('',#1231);
#1233=CARTESIAN_POINT('',(-2.03E0,-8.56E0,-7.55E0));
#1234=VERTEX_POINT('',#1233);
#1235=CARTESIAN_POINT('',(2.03E0,-8.56E0,-8.57E0));
#1236=VERTEX_POINT('',#1235);
#1237=CARTESIAN_POINT('',(2.03E0,-8.56E0,-7.55E0));
#1238=VERTEX_POINT('',#1237);
#1239=CARTESIAN_POINT('',(2.03E0,-5.56E0,-7.55E0));
#1240=VERTEX_POINT('',#1239);
#1241=CARTESIAN_POINT('',(3.5E0,-5.56E0,-8.57E0));
#1242=VERTEX_POINT('',#1241);
#1243=CARTESIAN_POINT('',(3.05E0,-5.56E0,-8.57E0));
#1244=VERTEX_POINT('',#1243);
#1245=CARTESIAN_POINT('',(3.05E0,-8.56E0,-8.57E0));
#1246=VERTEX_POINT('',#1245);
#1247=CARTESIAN_POINT('',(3.5E0,-5.56E0,-1.41E1));
#1248=VERTEX_POINT('',#1247);
#1249=CARTESIAN_POINT('',(3.5E0,3.244370406124E0,-1.41E1));
#1250=VERTEX_POINT('',#1249);
#1251=VERTEX_POINT('',#390);
#1252=CARTESIAN_POINT('',(4.093258287466E-14,3.5E0,-1.41E1));
#1253=VERTEX_POINT('',#1252);
#1254=CARTESIAN_POINT('',(3.05E0,-5.56E0,-7.55E0));
#1255=VERTEX_POINT('',#1254);
#1256=CARTESIAN_POINT('',(3.05E0,-8.56E0,-7.55E0));
#1257=VERTEX_POINT('',#1256);
#1258=CARTESIAN_POINT('',(-3.05E0,-8.56E0,-7.55E0));
#1259=VERTEX_POINT('',#1258);
#1260=CARTESIAN_POINT('',(0.E0,0.E0,-1.00100024E1));
#1261=DIRECTION('',(0.E0,0.E0,1.E0));
#1262=DIRECTION('',(-1.E0,0.E0,0.E0));
#1263=AXIS2_PLACEMENT_3D('',#1260,#1261,#1262);
#1264=CYLINDRICAL_SURFACE('',#1263,1.4E0);
#1266=ORIENTED_EDGE('',*,*,#1265,.T.);
#1268=ORIENTED_EDGE('',*,*,#1267,.F.);
#1270=ORIENTED_EDGE('',*,*,#1269,.T.);
#1272=ORIENTED_EDGE('',*,*,#1271,.T.);
#1273=EDGE_LOOP('',(#1266,#1268,#1270,#1272));
#1274=FACE_OUTER_BOUND('',#1273,.F.);
#1275=ADVANCED_FACE('',(#1274),#1264,.F.);
#1276=CARTESIAN_POINT('',(-3.8400024E0,2.508019595204E0,-3.5E-1));
#1277=DIRECTION('',(0.E0,0.E0,-1.E0));
#1278=DIRECTION('',(0.E0,1.E0,0.E0));
#1279=AXIS2_PLACEMENT_3D('',#1276,#1277,#1278);
#1280=PLANE('',#1279);
#1281=ORIENTED_EDGE('',*,*,#1265,.F.);
#1283=ORIENTED_EDGE('',*,*,#1282,.F.);
#1284=EDGE_LOOP('',(#1281,#1283));
#1285=FACE_OUTER_BOUND('',#1284,.F.);
#1287=ORIENTED_EDGE('',*,*,#1286,.F.);
#1289=ORIENTED_EDGE('',*,*,#1288,.F.);
#1290=EDGE_LOOP('',(#1287,#1289));
#1291=FACE_BOUND('',#1290,.F.);
#1292=ADVANCED_FACE('',(#1285,#1291),#1280,.F.);
#1293=CARTESIAN_POINT('',(0.E0,0.E0,-1.00100024E1));
#1294=DIRECTION('',(0.E0,0.E0,1.E0));
#1295=DIRECTION('',(-1.E0,0.E0,0.E0));
#1296=AXIS2_PLACEMENT_3D('',#1293,#1294,#1295);
#1297=CYLINDRICAL_SURFACE('',#1296,1.4E0);
#1298=ORIENTED_EDGE('',*,*,#1267,.T.);
#1299=ORIENTED_EDGE('',*,*,#1282,.T.);
#1300=ORIENTED_EDGE('',*,*,#1271,.F.);
#1302=ORIENTED_EDGE('',*,*,#1301,.T.);
#1303=EDGE_LOOP('',(#1298,#1299,#1300,#1302));
#1304=FACE_OUTER_BOUND('',#1303,.F.);
#1305=ADVANCED_FACE('',(#1304),#1297,.F.);
#1306=CARTESIAN_POINT('',(0.E0,0.E0,0.E0));
#1307=DIRECTION('',(0.E0,0.E0,1.E0));
#1308=DIRECTION('',(-1.E0,0.E0,0.E0));
#1309=AXIS2_PLACEMENT_3D('',#1306,#1307,#1308);
#1310=PLANE('',#1309);
#1312=ORIENTED_EDGE('',*,*,#1311,.F.);
#1314=ORIENTED_EDGE('',*,*,#1313,.F.);
#1315=EDGE_LOOP('',(#1312,#1314));
#1316=FACE_OUTER_BOUND('',#1315,.F.);
#1317=ORIENTED_EDGE('',*,*,#1269,.F.);
#1318=ORIENTED_EDGE('',*,*,#1301,.F.);
#1319=EDGE_LOOP('',(#1317,#1318));
#1320=FACE_BOUND('',#1319,.F.);
#1321=ADVANCED_FACE('',(#1316,#1320),#1310,.T.);
#1322=CARTESIAN_POINT('',(0.E0,0.E0,-2.5E-1));
#1323=DIRECTION('',(0.E0,0.E0,-1.E0));
#1324=DIRECTION('',(1.E0,0.E0,0.E0));
#1325=AXIS2_PLACEMENT_3D('',#1322,#1323,#1324);
#1326=CONICAL_SURFACE('',#1325,1.768012701892E0,1.5E1);
#1328=ORIENTED_EDGE('',*,*,#1327,.F.);
#1330=ORIENTED_EDGE('',*,*,#1329,.T.);
#1331=ORIENTED_EDGE('',*,*,#1311,.T.);
#1333=ORIENTED_EDGE('',*,*,#1332,.F.);
#1334=EDGE_LOOP('',(#1328,#1330,#1331,#1333));
#1335=FACE_OUTER_BOUND('',#1334,.F.);
#1336=ADVANCED_FACE('',(#1335),#1326,.T.);
#1337=CARTESIAN_POINT('',(0.E0,0.E0,0.E0));
#1338=DIRECTION('',(0.E0,0.E0,1.E0));
#1339=DIRECTION('',(-1.E0,0.E0,0.E0));
#1340=AXIS2_PLACEMENT_3D('',#1337,#1338,#1339);
#1341=CYLINDRICAL_SURFACE('',#1340,1.835E0);
#1342=ORIENTED_EDGE('',*,*,#1327,.T.);
#1344=ORIENTED_EDGE('',*,*,#1343,.T.);
#1346=ORIENTED_EDGE('',*,*,#1345,.T.);
#1348=ORIENTED_EDGE('',*,*,#1347,.F.);
#1349=EDGE_LOOP('',(#1342,#1344,#1346,#1348));
#1350=FACE_OUTER_BOUND('',#1349,.F.);
#1351=ADVANCED_FACE('',(#1350),#1341,.T.);
#1352=CARTESIAN_POINT('',(0.E0,0.E0,0.E0));
#1353=DIRECTION('',(0.E0,0.E0,1.E0));
#1354=DIRECTION('',(-1.E0,0.E0,0.E0));
#1355=AXIS2_PLACEMENT_3D('',#1352,#1353,#1354);
#1356=CYLINDRICAL_SURFACE('',#1355,1.835E0);
#1358=ORIENTED_EDGE('',*,*,#1357,.T.);
#1359=ORIENTED_EDGE('',*,*,#1343,.F.);
#1361=ORIENTED_EDGE('',*,*,#1360,.T.);
#1362=ORIENTED_EDGE('',*,*,#1347,.T.);
#1363=EDGE_LOOP('',(#1358,#1359,#1361,#1362));
#1364=FACE_OUTER_BOUND('',#1363,.F.);
#1365=ADVANCED_FACE('',(#1364),#1356,.T.);
#1366=CARTESIAN_POINT('',(0.E0,0.E0,-3.021829195149E0));
#1367=DIRECTION('',(0.E0,0.E0,1.E0));
#1368=DIRECTION('',(-1.E0,0.E0,0.E0));
#1369=AXIS2_PLACEMENT_3D('',#1366,#1367,#1368);
#1370=TOROIDAL_SURFACE('',#1369,1.735E0,1.E-1);
#1372=ORIENTED_EDGE('',*,*,#1371,.F.);
#1374=ORIENTED_EDGE('',*,*,#1373,.F.);
#1376=ORIENTED_EDGE('',*,*,#1375,.T.);
#1377=ORIENTED_EDGE('',*,*,#1357,.F.);
#1379=ORIENTED_EDGE('',*,*,#1378,.F.);
#1380=EDGE_LOOP('',(#1372,#1374,#1376,#1377,#1379));
#1381=FACE_OUTER_BOUND('',#1380,.F.);
#1382=ADVANCED_FACE('',(#1381),#1370,.T.);
#1383=CARTESIAN_POINT('',(0.E0,0.E0,-3.173230655975E0));
#1384=DIRECTION('',(0.E0,0.E0,1.E0));
#1385=DIRECTION('',(0.E0,1.E0,0.E0));
#1386=AXIS2_PLACEMENT_3D('',#1383,#1384,#1385);
#1387=CONICAL_SURFACE('',#1386,1.733815158491E0,4.178451600825E1);
#1388=ORIENTED_EDGE('',*,*,#1371,.T.);
#1390=ORIENTED_EDGE('',*,*,#1389,.T.);
#1392=ORIENTED_EDGE('',*,*,#1391,.T.);
#1394=ORIENTED_EDGE('',*,*,#1393,.T.);
#1396=ORIENTED_EDGE('',*,*,#1395,.T.);
#1398=ORIENTED_EDGE('',*,*,#1397,.F.);
#1399=EDGE_LOOP('',(#1388,#1390,#1392,#1394,#1396,#1398));
#1400=FACE_OUTER_BOUND('',#1399,.F.);
#1401=ADVANCED_FACE('',(#1400),#1387,.T.);
#1402=CARTESIAN_POINT('',(0.E0,0.E0,-3.021829195149E0));
#1403=DIRECTION('',(0.E0,0.E0,1.E0));
#1404=DIRECTION('',(-1.E0,0.E0,0.E0));
#1405=AXIS2_PLACEMENT_3D('',#1402,#1403,#1404);
#1406=TOROIDAL_SURFACE('',#1405,1.735E0,1.E-1);
#1407=ORIENTED_EDGE('',*,*,#1378,.T.);
#1408=ORIENTED_EDGE('',*,*,#1345,.F.);
#1409=ORIENTED_EDGE('',*,*,#1375,.F.);
#1411=ORIENTED_EDGE('',*,*,#1410,.F.);
#1412=ORIENTED_EDGE('',*,*,#1389,.F.);
#1413=EDGE_LOOP('',(#1407,#1408,#1409,#1411,#1412));
#1414=FACE_OUTER_BOUND('',#1413,.F.);
#1415=ADVANCED_FACE('',(#1414),#1406,.T.);
#1416=CARTESIAN_POINT('',(0.E0,0.E0,-3.173230655975E0));
#1417=DIRECTION('',(0.E0,0.E0,1.E0));
#1418=DIRECTION('',(0.E0,1.E0,0.E0));
#1419=AXIS2_PLACEMENT_3D('',#1416,#1417,#1418);
#1420=CONICAL_SURFACE('',#1419,1.733815158491E0,4.178451600825E1);
#1421=ORIENTED_EDGE('',*,*,#1397,.T.);
#1423=ORIENTED_EDGE('',*,*,#1422,.T.);
#1425=ORIENTED_EDGE('',*,*,#1424,.T.);
#1426=ORIENTED_EDGE('',*,*,#1391,.F.);
#1427=ORIENTED_EDGE('',*,*,#1410,.T.);
#1428=ORIENTED_EDGE('',*,*,#1373,.T.);
#1429=EDGE_LOOP('',(#1421,#1423,#1425,#1426,#1427,#1428));
#1430=FACE_OUTER_BOUND('',#1429,.F.);
#1431=ADVANCED_FACE('',(#1430),#1420,.T.);
#1432=CARTESIAN_POINT('',(0.E0,0.E0,-3.344622046306E0));
#1433=DIRECTION('',(0.E0,0.E0,1.E0));
#1434=DIRECTION('',(-1.E0,0.E0,0.E0));
#1435=AXIS2_PLACEMENT_3D('',#1432,#1433,#1434);
#1436=TOROIDAL_SURFACE('',#1435,1.755E0,1.3E-1);
#1438=ORIENTED_EDGE('',*,*,#1437,.T.);
#1440=ORIENTED_EDGE('',*,*,#1439,.F.);
#1442=ORIENTED_EDGE('',*,*,#1441,.F.);
#1444=ORIENTED_EDGE('',*,*,#1443,.F.);
#1445=ORIENTED_EDGE('',*,*,#1422,.F.);
#1446=ORIENTED_EDGE('',*,*,#1395,.F.);
#1447=EDGE_LOOP('',(#1438,#1440,#1442,#1444,#1445,#1446));
#1448=FACE_OUTER_BOUND('',#1447,.F.);
#1449=ADVANCED_FACE('',(#1448),#1436,.F.);
#1450=CARTESIAN_POINT('',(0.E0,0.E0,-3.344622046306E0));
#1451=DIRECTION('',(0.E0,0.E0,1.E0));
#1452=DIRECTION('',(-1.E0,0.E0,0.E0));
#1453=AXIS2_PLACEMENT_3D('',#1450,#1451,#1452);
#1454=TOROIDAL_SURFACE('',#1453,1.755E0,1.3E-1);
#1456=ORIENTED_EDGE('',*,*,#1455,.F.);
#1457=ORIENTED_EDGE('',*,*,#1437,.F.);
#1458=ORIENTED_EDGE('',*,*,#1393,.F.);
#1459=ORIENTED_EDGE('',*,*,#1424,.F.);
#1460=ORIENTED_EDGE('',*,*,#1443,.T.);
#1462=ORIENTED_EDGE('',*,*,#1461,.F.);
#1463=EDGE_LOOP('',(#1456,#1457,#1458,#1459,#1460,#1462));
#1464=FACE_OUTER_BOUND('',#1463,.F.);
#1465=ADVANCED_FACE('',(#1464),#1454,.F.);
#1466=CARTESIAN_POINT('',(0.E0,0.E0,-3.46E0));
#1467=DIRECTION('',(0.E0,0.E0,1.E0));
#1468=DIRECTION('',(0.E0,1.E0,0.E0));
#1469=AXIS2_PLACEMENT_3D('',#1466,#1467,#1468);
#1470=CYLINDRICAL_SURFACE('',#1469,1.625E0);
#1471=ORIENTED_EDGE('',*,*,#1455,.T.);
#1473=ORIENTED_EDGE('',*,*,#1472,.T.);
#1475=ORIENTED_EDGE('',*,*,#1474,.T.);
#1477=ORIENTED_EDGE('',*,*,#1476,.T.);
#1479=ORIENTED_EDGE('',*,*,#1478,.F.);
#1480=ORIENTED_EDGE('',*,*,#1439,.T.);
#1481=EDGE_LOOP('',(#1471,#1473,#1475,#1477,#1479,#1480));
#1482=FACE_OUTER_BOUND('',#1481,.F.);
#1483=ADVANCED_FACE('',(#1482),#1470,.T.);
#1484=CARTESIAN_POINT('',(0.E0,0.E0,-3.46E0));
#1485=DIRECTION('',(0.E0,0.E0,1.E0));
#1486=DIRECTION('',(0.E0,1.E0,0.E0));
#1487=AXIS2_PLACEMENT_3D('',#1484,#1485,#1486);
#1488=CYLINDRICAL_SURFACE('',#1487,1.625E0);
#1490=ORIENTED_EDGE('',*,*,#1489,.T.);
#1492=ORIENTED_EDGE('',*,*,#1491,.T.);
#1493=ORIENTED_EDGE('',*,*,#1472,.F.);
#1494=ORIENTED_EDGE('',*,*,#1461,.T.);
#1495=ORIENTED_EDGE('',*,*,#1441,.T.);
#1496=ORIENTED_EDGE('',*,*,#1478,.T.);
#1497=EDGE_LOOP('',(#1490,#1492,#1493,#1494,#1495,#1496));
#1498=FACE_OUTER_BOUND('',#1497,.F.);
#1499=ADVANCED_FACE('',(#1498),#1488,.T.);
#1500=CARTESIAN_POINT('',(0.E0,0.E0,-3.575377953694E0));
#1501=DIRECTION('',(0.E0,0.E0,-1.E0));
#1502=DIRECTION('',(1.E0,0.E0,0.E0));
#1503=AXIS2_PLACEMENT_3D('',#1500,#1501,#1502);
#1504=TOROIDAL_SURFACE('',#1503,1.755E0,1.3E-1);
#1506=ORIENTED_EDGE('',*,*,#1505,.F.);
#1508=ORIENTED_EDGE('',*,*,#1507,.T.);
#1509=ORIENTED_EDGE('',*,*,#1489,.F.);
#1510=ORIENTED_EDGE('',*,*,#1476,.F.);
#1512=ORIENTED_EDGE('',*,*,#1511,.F.);
#1514=ORIENTED_EDGE('',*,*,#1513,.F.);
#1515=EDGE_LOOP('',(#1506,#1508,#1509,#1510,#1512,#1514));
#1516=FACE_OUTER_BOUND('',#1515,.F.);
#1517=ADVANCED_FACE('',(#1516),#1504,.F.);
#1518=CARTESIAN_POINT('',(0.E0,0.E0,-3.746769344025E0));
#1519=DIRECTION('',(0.E0,0.E0,-1.E0));
#1520=DIRECTION('',(0.E0,-1.E0,0.E0));
#1521=AXIS2_PLACEMENT_3D('',#1518,#1519,#1520);
#1522=CONICAL_SURFACE('',#1521,1.733815158491E0,4.178451600825E1);
#1523=ORIENTED_EDGE('',*,*,#1505,.T.);
#1525=ORIENTED_EDGE('',*,*,#1524,.F.);
#1527=ORIENTED_EDGE('',*,*,#1526,.T.);
#1529=ORIENTED_EDGE('',*,*,#1528,.T.);
#1531=ORIENTED_EDGE('',*,*,#1530,.T.);
#1533=ORIENTED_EDGE('',*,*,#1532,.T.);
#1534=EDGE_LOOP('',(#1523,#1525,#1527,#1529,#1531,#1533));
#1535=FACE_OUTER_BOUND('',#1534,.F.);
#1536=ADVANCED_FACE('',(#1535),#1522,.T.);
#1537=CARTESIAN_POINT('',(0.E0,0.E0,-3.746769344025E0));
#1538=DIRECTION('',(0.E0,0.E0,-1.E0));
#1539=DIRECTION('',(0.E0,-1.E0,0.E0));
#1540=AXIS2_PLACEMENT_3D('',#1537,#1538,#1539);
#1541=CONICAL_SURFACE('',#1540,1.733815158491E0,4.178451600825E1);
#1543=ORIENTED_EDGE('',*,*,#1542,.T.);
#1544=ORIENTED_EDGE('',*,*,#1524,.T.);
#1545=ORIENTED_EDGE('',*,*,#1513,.T.);
#1547=ORIENTED_EDGE('',*,*,#1546,.T.);
#1548=ORIENTED_EDGE('',*,*,#1530,.F.);
#1550=ORIENTED_EDGE('',*,*,#1549,.T.);
#1551=EDGE_LOOP('',(#1543,#1544,#1545,#1547,#1548,#1550));
#1552=FACE_OUTER_BOUND('',#1551,.F.);
#1553=ADVANCED_FACE('',(#1552),#1541,.T.);
#1554=CARTESIAN_POINT('',(0.E0,0.E0,-3.898170804851E0));
#1555=DIRECTION('',(0.E0,0.E0,1.E0));
#1556=DIRECTION('',(-1.E0,0.E0,0.E0));
#1557=AXIS2_PLACEMENT_3D('',#1554,#1555,#1556);
#1558=TOROIDAL_SURFACE('',#1557,1.735E0,1.E-1);
#1559=ORIENTED_EDGE('',*,*,#1542,.F.);
#1561=ORIENTED_EDGE('',*,*,#1560,.F.);
#1563=ORIENTED_EDGE('',*,*,#1562,.F.);
#1565=ORIENTED_EDGE('',*,*,#1564,.T.);
#1566=ORIENTED_EDGE('',*,*,#1526,.F.);
#1567=EDGE_LOOP('',(#1559,#1561,#1563,#1565,#1566));
#1568=FACE_OUTER_BOUND('',#1567,.F.);
#1569=ADVANCED_FACE('',(#1568),#1558,.T.);
#1570=CARTESIAN_POINT('',(0.E0,0.E0,-3.898170804851E0));
#1571=DIRECTION('',(0.E0,0.E0,1.E0));
#1572=DIRECTION('',(-1.E0,0.E0,0.E0));
#1573=AXIS2_PLACEMENT_3D('',#1570,#1571,#1572);
#1574=TOROIDAL_SURFACE('',#1573,1.735E0,1.E-1);
#1576=ORIENTED_EDGE('',*,*,#1575,.F.);
#1577=ORIENTED_EDGE('',*,*,#1560,.T.);
#1578=ORIENTED_EDGE('',*,*,#1549,.F.);
#1579=ORIENTED_EDGE('',*,*,#1528,.F.);
#1580=ORIENTED_EDGE('',*,*,#1564,.F.);
#1582=ORIENTED_EDGE('',*,*,#1581,.F.);
#1583=EDGE_LOOP('',(#1576,#1577,#1578,#1579,#1580,#1582));
#1584=FACE_OUTER_BOUND('',#1583,.F.);
#1585=ADVANCED_FACE('',(#1584),#1574,.T.);
#1586=CARTESIAN_POINT('',(0.E0,0.E0,0.E0));
#1587=DIRECTION('',(0.E0,0.E0,1.E0));
#1588=DIRECTION('',(-1.E0,0.E0,0.E0));
#1589=AXIS2_PLACEMENT_3D('',#1586,#1587,#1588);
#1590=CYLINDRICAL_SURFACE('',#1589,1.835E0);
#1591=ORIENTED_EDGE('',*,*,#1575,.T.);
#1592=ORIENTED_EDGE('',*,*,#1581,.T.);
#1594=ORIENTED_EDGE('',*,*,#1593,.T.);
#1596=ORIENTED_EDGE('',*,*,#1595,.T.);
#1598=ORIENTED_EDGE('',*,*,#1597,.F.);
#1599=EDGE_LOOP('',(#1591,#1592,#1594,#1596,#1598));
#1600=FACE_OUTER_BOUND('',#1599,.F.);
#1601=ADVANCED_FACE('',(#1600),#1590,.T.);
#1602=CARTESIAN_POINT('',(0.E0,0.E0,0.E0));
#1603=DIRECTION('',(0.E0,0.E0,1.E0));
#1604=DIRECTION('',(-1.E0,0.E0,0.E0));
#1605=AXIS2_PLACEMENT_3D('',#1602,#1603,#1604);
#1606=CYLINDRICAL_SURFACE('',#1605,1.835E0);
#1608=ORIENTED_EDGE('',*,*,#1607,.T.);
#1609=ORIENTED_EDGE('',*,*,#1593,.F.);
#1610=ORIENTED_EDGE('',*,*,#1562,.T.);
#1611=ORIENTED_EDGE('',*,*,#1597,.T.);
#1612=EDGE_LOOP('',(#1608,#1609,#1610,#1611));
#1613=FACE_OUTER_BOUND('',#1612,.F.);
#1614=ADVANCED_FACE('',(#1613),#1606,.T.);
#1615=CARTESIAN_POINT('',(0.E0,0.E0,-6.5E0));
#1616=DIRECTION('',(0.E0,0.E0,1.E0));
#1617=DIRECTION('',(-1.E0,0.E0,0.E0));
#1618=AXIS2_PLACEMENT_3D('',#1615,#1616,#1617);
#1619=PLANE('',#1618);
#1621=ORIENTED_EDGE('',*,*,#1620,.F.);
#1623=ORIENTED_EDGE('',*,*,#1622,.F.);
#1624=EDGE_LOOP('',(#1621,#1623));
#1625=FACE_OUTER_BOUND('',#1624,.F.);
#1626=ORIENTED_EDGE('',*,*,#1607,.F.);
#1627=ORIENTED_EDGE('',*,*,#1595,.F.);
#1628=EDGE_LOOP('',(#1626,#1627));
#1629=FACE_BOUND('',#1628,.F.);
#1630=ADVANCED_FACE('',(#1625,#1629),#1619,.T.);
#1631=CARTESIAN_POINT('',(0.E0,0.E0,0.E0));
#1632=DIRECTION('',(0.E0,0.E0,1.E0));
#1633=DIRECTION('',(-1.E0,0.E0,0.E0));
#1634=AXIS2_PLACEMENT_3D('',#1631,#1632,#1633);
#1635=CYLINDRICAL_SURFACE('',#1634,3.2E0);
#1637=ORIENTED_EDGE('',*,*,#1636,.T.);
#1639=ORIENTED_EDGE('',*,*,#1638,.F.);
#1640=ORIENTED_EDGE('',*,*,#1620,.T.);
#1642=ORIENTED_EDGE('',*,*,#1641,.T.);
#1643=EDGE_LOOP('',(#1637,#1639,#1640,#1642));
#1644=FACE_OUTER_BOUND('',#1643,.F.);
#1645=ADVANCED_FACE('',(#1644),#1635,.T.);
#1646=CARTESIAN_POINT('',(-3.5E0,3.5E0,-7.1E0));
#1647=DIRECTION('',(0.E0,0.E0,1.E0));
#1648=DIRECTION('',(1.E0,0.E0,0.E0));
#1649=AXIS2_PLACEMENT_3D('',#1646,#1647,#1648);
#1650=PLANE('',#1649);
#1652=ORIENTED_EDGE('',*,*,#1651,.T.);
#1654=ORIENTED_EDGE('',*,*,#1653,.T.);
#1656=ORIENTED_EDGE('',*,*,#1655,.T.);
#1658=ORIENTED_EDGE('',*,*,#1657,.F.);
#1660=ORIENTED_EDGE('',*,*,#1659,.T.);
#1662=ORIENTED_EDGE('',*,*,#1661,.F.);
#1664=ORIENTED_EDGE('',*,*,#1663,.T.);
#1666=ORIENTED_EDGE('',*,*,#1665,.F.);
#1668=ORIENTED_EDGE('',*,*,#1667,.T.);
#1669=EDGE_LOOP('',(#1652,#1654,#1656,#1658,#1660,#1662,#1664,#1666,#1668));
#1670=FACE_OUTER_BOUND('',#1669,.F.);
#1671=ORIENTED_EDGE('',*,*,#1636,.F.);
#1673=ORIENTED_EDGE('',*,*,#1672,.F.);
#1674=EDGE_LOOP('',(#1671,#1673));
#1675=FACE_BOUND('',#1674,.F.);
#1676=ADVANCED_FACE('',(#1670,#1675),#1650,.T.);
#1677=CARTESIAN_POINT('',(-3.5E0,3.5E0,-1.41E1));
#1678=DIRECTION('',(-1.E0,0.E0,0.E0));
#1679=DIRECTION('',(0.E0,0.E0,1.E0));
#1680=AXIS2_PLACEMENT_3D('',#1677,#1678,#1679);
#1681=PLANE('',#1680);
#1683=ORIENTED_EDGE('',*,*,#1682,.T.);
#1685=ORIENTED_EDGE('',*,*,#1684,.T.);
#1687=ORIENTED_EDGE('',*,*,#1686,.T.);
#1688=ORIENTED_EDGE('',*,*,#1651,.F.);
#1690=ORIENTED_EDGE('',*,*,#1689,.T.);
#1692=ORIENTED_EDGE('',*,*,#1691,.F.);
#1694=ORIENTED_EDGE('',*,*,#1693,.T.);
#1696=ORIENTED_EDGE('',*,*,#1695,.F.);
#1698=ORIENTED_EDGE('',*,*,#1697,.T.);
#1699=EDGE_LOOP('',(#1683,#1685,#1687,#1688,#1690,#1692,#1694,#1696,#1698));
#1700=FACE_OUTER_BOUND('',#1699,.F.);
#1701=ADVANCED_FACE('',(#1700),#1681,.T.);
#1702=CARTESIAN_POINT('',(3.5E0,3.5E0,-1.41E1));
#1703=DIRECTION('',(0.E0,0.E0,-1.E0));
#1704=DIRECTION('',(-1.E0,0.E0,0.E0));
#1705=AXIS2_PLACEMENT_3D('',#1702,#1703,#1704);
#1706=PLANE('',#1705);
#1708=ORIENTED_EDGE('',*,*,#1707,.T.);
#1710=ORIENTED_EDGE('',*,*,#1709,.T.);
#1712=ORIENTED_EDGE('',*,*,#1711,.T.);
#1713=ORIENTED_EDGE('',*,*,#1682,.F.);
#1715=ORIENTED_EDGE('',*,*,#1714,.T.);
#1717=ORIENTED_EDGE('',*,*,#1716,.F.);
#1719=ORIENTED_EDGE('',*,*,#1718,.T.);
#1721=ORIENTED_EDGE('',*,*,#1720,.F.);
#1723=ORIENTED_EDGE('',*,*,#1722,.T.);
#1724=EDGE_LOOP('',(#1708,#1710,#1712,#1713,#1715,#1717,#1719,#1721,#1723));
#1725=FACE_OUTER_BOUND('',#1724,.F.);
#1726=ADVANCED_FACE('',(#1725),#1706,.T.);
#1727=CARTESIAN_POINT('',(3.5E0,3.5E0,-7.1E0));
#1728=DIRECTION('',(1.E0,0.E0,0.E0));
#1729=DIRECTION('',(0.E0,0.E0,-1.E0));
#1730=AXIS2_PLACEMENT_3D('',#1727,#1728,#1729);
#1731=PLANE('',#1730);
#1732=ORIENTED_EDGE('',*,*,#1657,.T.);
#1734=ORIENTED_EDGE('',*,*,#1733,.T.);
#1736=ORIENTED_EDGE('',*,*,#1735,.T.);
#1737=ORIENTED_EDGE('',*,*,#1707,.F.);
#1739=ORIENTED_EDGE('',*,*,#1738,.T.);
#1741=ORIENTED_EDGE('',*,*,#1740,.F.);
#1743=ORIENTED_EDGE('',*,*,#1742,.T.);
#1745=ORIENTED_EDGE('',*,*,#1744,.F.);
#1747=ORIENTED_EDGE('',*,*,#1746,.T.);
#1748=EDGE_LOOP('',(#1732,#1734,#1736,#1737,#1739,#1741,#1743,#1745,#1747));
#1749=FACE_OUTER_BOUND('',#1748,.F.);
#1750=ADVANCED_FACE('',(#1749),#1731,.T.);
#1751=CARTESIAN_POINT('',(0.E0,3.372185203062E0,-1.06E1));
#1752=DIRECTION('',(0.E0,-1.E0,0.E0));
#1753=DIRECTION('',(1.E0,0.E0,0.E0));
#1754=AXIS2_PLACEMENT_3D('',#1751,#1752,#1753);
#1755=CONICAL_SURFACE('',#1754,4.224873734153E0,8.E1);
#1756=ORIENTED_EDGE('',*,*,#1655,.F.);
#1758=ORIENTED_EDGE('',*,*,#1757,.T.);
#1759=ORIENTED_EDGE('',*,*,#1733,.F.);
#1760=EDGE_LOOP('',(#1756,#1758,#1759));
#1761=FACE_OUTER_BOUND('',#1760,.F.);
#1762=ADVANCED_FACE('',(#1761),#1755,.T.);
#1763=CARTESIAN_POINT('',(0.E0,3.5E0,-1.06E1));
#1764=DIRECTION('',(0.E0,1.E0,0.E0));
#1765=DIRECTION('',(-1.E0,0.E0,0.E0));
#1766=AXIS2_PLACEMENT_3D('',#1763,#1764,#1765);
#1767=PLANE('',#1766);
#1769=ORIENTED_EDGE('',*,*,#1768,.F.);
#1770=ORIENTED_EDGE('',*,*,#1757,.F.);
#1772=ORIENTED_EDGE('',*,*,#1771,.F.);
#1774=ORIENTED_EDGE('',*,*,#1773,.F.);
#1775=EDGE_LOOP('',(#1769,#1770,#1772,#1774));
#1776=FACE_OUTER_BOUND('',#1775,.F.);
#1777=ADVANCED_FACE('',(#1776),#1767,.T.);
#1778=CARTESIAN_POINT('',(0.E0,3.372185203062E0,-1.06E1));
#1779=DIRECTION('',(0.E0,-1.E0,0.E0));
#1780=DIRECTION('',(1.E0,0.E0,0.E0));
#1781=AXIS2_PLACEMENT_3D('',#1778,#1779,#1780);
#1782=CONICAL_SURFACE('',#1781,4.224873734153E0,8.E1);
#1783=ORIENTED_EDGE('',*,*,#1768,.T.);
#1784=ORIENTED_EDGE('',*,*,#1709,.F.);
#1785=ORIENTED_EDGE('',*,*,#1735,.F.);
#1786=EDGE_LOOP('',(#1783,#1784,#1785));
#1787=FACE_OUTER_BOUND('',#1786,.F.);
#1788=ADVANCED_FACE('',(#1787),#1782,.T.);
#1789=CARTESIAN_POINT('',(0.E0,3.372185203062E0,-1.06E1));
#1790=DIRECTION('',(0.E0,-1.E0,0.E0));
#1791=DIRECTION('',(1.E0,0.E0,0.E0));
#1792=AXIS2_PLACEMENT_3D('',#1789,#1790,#1791);
#1793=CONICAL_SURFACE('',#1792,4.224873734153E0,8.E1);
#1794=ORIENTED_EDGE('',*,*,#1686,.F.);
#1795=ORIENTED_EDGE('',*,*,#1771,.T.);
#1796=ORIENTED_EDGE('',*,*,#1653,.F.);
#1797=EDGE_LOOP('',(#1794,#1795,#1796));
#1798=FACE_OUTER_BOUND('',#1797,.F.);
#1799=ADVANCED_FACE('',(#1798),#1793,.T.);
#1800=CARTESIAN_POINT('',(0.E0,3.372185203062E0,-1.06E1));
#1801=DIRECTION('',(0.E0,-1.E0,0.E0));
#1802=DIRECTION('',(1.E0,0.E0,0.E0));
#1803=AXIS2_PLACEMENT_3D('',#1800,#1801,#1802);
#1804=CONICAL_SURFACE('',#1803,4.224873734153E0,8.E1);
#1805=ORIENTED_EDGE('',*,*,#1684,.F.);
#1806=ORIENTED_EDGE('',*,*,#1711,.F.);
#1807=ORIENTED_EDGE('',*,*,#1773,.T.);
#1808=EDGE_LOOP('',(#1805,#1806,#1807));
#1809=FACE_OUTER_BOUND('',#1808,.F.);
#1810=ADVANCED_FACE('',(#1809),#1804,.T.);
#1811=CARTESIAN_POINT('',(0.E0,-5.56E0,-1.06E1));
#1812=DIRECTION('',(0.E0,-1.E0,0.E0));
#1813=DIRECTION('',(1.E0,0.E0,0.E0));
#1814=AXIS2_PLACEMENT_3D('',#1811,#1812,#1813);
#1815=PLANE('',#1814);
#1817=ORIENTED_EDGE('',*,*,#1816,.T.);
#1819=ORIENTED_EDGE('',*,*,#1818,.T.);
#1821=ORIENTED_EDGE('',*,*,#1820,.T.);
#1823=ORIENTED_EDGE('',*,*,#1822,.T.);
#1824=ORIENTED_EDGE('',*,*,#1738,.F.);
#1825=ORIENTED_EDGE('',*,*,#1722,.F.);
#1826=EDGE_LOOP('',(#1817,#1819,#1821,#1823,#1824,#1825));
#1827=FACE_OUTER_BOUND('',#1826,.F.);
#1828=ADVANCED_FACE('',(#1827),#1815,.T.);
#1829=CARTESIAN_POINT('',(2.03E0,-8.56E0,-1.5579271E1));
#1830=DIRECTION('',(1.E0,0.E0,0.E0));
#1831=DIRECTION('',(0.E0,0.E0,1.E0));
#1832=AXIS2_PLACEMENT_3D('',#1829,#1830,#1831);
#1833=PLANE('',#1832);
#1835=ORIENTED_EDGE('',*,*,#1834,.T.);
#1837=ORIENTED_EDGE('',*,*,#1836,.T.);
#1839=ORIENTED_EDGE('',*,*,#1838,.T.);
#1840=ORIENTED_EDGE('',*,*,#1816,.F.);
#1841=ORIENTED_EDGE('',*,*,#1720,.T.);
#1843=ORIENTED_EDGE('',*,*,#1842,.F.);
#1844=EDGE_LOOP('',(#1835,#1837,#1839,#1840,#1841,#1843));
#1845=FACE_OUTER_BOUND('',#1844,.F.);
#1846=ADVANCED_FACE('',(#1845),#1833,.F.);
#1847=CARTESIAN_POINT('',(2.03E0,-8.56E0,-1.263E1));
#1848=DIRECTION('',(0.E0,0.E0,-1.E0));
#1849=DIRECTION('',(1.E0,0.E0,0.E0));
#1850=AXIS2_PLACEMENT_3D('',#1847,#1848,#1849);
#1851=PLANE('',#1850);
#1852=ORIENTED_EDGE('',*,*,#1740,.T.);
#1853=ORIENTED_EDGE('',*,*,#1822,.F.);
#1855=ORIENTED_EDGE('',*,*,#1854,.T.);
#1857=ORIENTED_EDGE('',*,*,#1856,.T.);
#1858=ORIENTED_EDGE('',*,*,#1834,.F.);
#1860=ORIENTED_EDGE('',*,*,#1859,.F.);
#1861=EDGE_LOOP('',(#1852,#1853,#1855,#1857,#1858,#1860));
#1862=FACE_OUTER_BOUND('',#1861,.F.);
#1863=ADVANCED_FACE('',(#1862),#1851,.F.);
#1864=CARTESIAN_POINT('',(3.05E0,-8.56E0,-7.55E0));
#1865=DIRECTION('',(-1.E0,0.E0,0.E0));
#1866=DIRECTION('',(0.E0,0.E0,-1.E0));
#1867=AXIS2_PLACEMENT_3D('',#1864,#1865,#1866);
#1868=PLANE('',#1867);
#1870=ORIENTED_EDGE('',*,*,#1869,.T.);
#1872=ORIENTED_EDGE('',*,*,#1871,.T.);
#1873=ORIENTED_EDGE('',*,*,#1854,.F.);
#1874=ORIENTED_EDGE('',*,*,#1820,.F.);
#1875=EDGE_LOOP('',(#1870,#1872,#1873,#1874));
#1876=FACE_OUTER_BOUND('',#1875,.F.);
#1877=ADVANCED_FACE('',(#1876),#1868,.F.);
#1878=CARTESIAN_POINT('',(3.05E0,-8.56E0,-1.365E1));
#1879=DIRECTION('',(0.E0,0.E0,1.E0));
#1880=DIRECTION('',(-1.E0,0.E0,0.E0));
#1881=AXIS2_PLACEMENT_3D('',#1878,#1879,#1880);
#1882=PLANE('',#1881);
#1883=ORIENTED_EDGE('',*,*,#1838,.F.);
#1885=ORIENTED_EDGE('',*,*,#1884,.T.);
#1886=ORIENTED_EDGE('',*,*,#1869,.F.);
#1887=ORIENTED_EDGE('',*,*,#1818,.F.);
#1888=EDGE_LOOP('',(#1883,#1885,#1886,#1887));
#1889=FACE_OUTER_BOUND('',#1888,.F.);
#1890=ADVANCED_FACE('',(#1889),#1882,.F.);
#1891=CARTESIAN_POINT('',(4.2000024E0,-8.56E0,-1.4363151E1));
#1892=DIRECTION('',(0.E0,1.E0,0.E0));
#1893=DIRECTION('',(0.E0,0.E0,-1.E0));
#1894=AXIS2_PLACEMENT_3D('',#1891,#1892,#1893);
#1895=PLANE('',#1894);
#1896=ORIENTED_EDGE('',*,*,#1836,.F.);
#1897=ORIENTED_EDGE('',*,*,#1856,.F.);
#1898=ORIENTED_EDGE('',*,*,#1871,.F.);
#1899=ORIENTED_EDGE('',*,*,#1884,.F.);
#1900=EDGE_LOOP('',(#1896,#1897,#1898,#1899));
#1901=FACE_OUTER_BOUND('',#1900,.F.);
#1902=ADVANCED_FACE('',(#1901),#1895,.F.);
#1903=CARTESIAN_POINT('',(9.649984828019E-1,-5.06E0,-1.134953230936E1));
#1904=DIRECTION('',(0.E0,-1.E0,0.E0));
#1905=DIRECTION('',(1.E0,0.E0,0.E0));
#1906=AXIS2_PLACEMENT_3D('',#1903,#1904,#1905);
#1907=PLANE('',#1906);
#1908=ORIENTED_EDGE('',*,*,#1693,.F.);
#1910=ORIENTED_EDGE('',*,*,#1909,.T.);
#1912=ORIENTED_EDGE('',*,*,#1911,.T.);
#1913=ORIENTED_EDGE('',*,*,#1663,.F.);
#1915=ORIENTED_EDGE('',*,*,#1914,.T.);
#1917=ORIENTED_EDGE('',*,*,#1916,.T.);
#1918=ORIENTED_EDGE('',*,*,#1742,.F.);
#1919=ORIENTED_EDGE('',*,*,#1859,.T.);
#1920=ORIENTED_EDGE('',*,*,#1842,.T.);
#1921=ORIENTED_EDGE('',*,*,#1718,.F.);
#1923=ORIENTED_EDGE('',*,*,#1922,.T.);
#1925=ORIENTED_EDGE('',*,*,#1924,.T.);
#1926=EDGE_LOOP('',(#1908,#1910,#1912,#1913,#1915,#1917,#1918,#1919,#1920,#1921,
#1923,#1925));
#1927=FACE_OUTER_BOUND('',#1926,.F.);
#1929=ORIENTED_EDGE('',*,*,#1928,.F.);
#1931=ORIENTED_EDGE('',*,*,#1930,.F.);
#1932=EDGE_LOOP('',(#1929,#1931));
#1933=FACE_BOUND('',#1932,.F.);
#1934=ADVANCED_FACE('',(#1927,#1933),#1907,.T.);
#1935=CARTESIAN_POINT('',(-2.03E0,-8.56E0,-8.57E0));
#1936=DIRECTION('',(0.E0,0.E0,1.E0));
#1937=DIRECTION('',(-1.E0,0.E0,0.E0));
#1938=AXIS2_PLACEMENT_3D('',#1935,#1936,#1937);
#1939=PLANE('',#1938);
#1940=ORIENTED_EDGE('',*,*,#1691,.T.);
#1942=ORIENTED_EDGE('',*,*,#1941,.F.);
#1944=ORIENTED_EDGE('',*,*,#1943,.T.);
#1946=ORIENTED_EDGE('',*,*,#1945,.T.);
#1948=ORIENTED_EDGE('',*,*,#1947,.F.);
#1949=ORIENTED_EDGE('',*,*,#1909,.F.);
#1950=EDGE_LOOP('',(#1940,#1942,#1944,#1946,#1948,#1949));
#1951=FACE_OUTER_BOUND('',#1950,.F.);
#1952=ADVANCED_FACE('',(#1951),#1939,.F.);
#1953=CARTESIAN_POINT('',(0.E0,-5.56E0,-1.06E1));
#1954=DIRECTION('',(0.E0,-1.E0,0.E0));
#1955=DIRECTION('',(1.E0,0.E0,0.E0));
#1956=AXIS2_PLACEMENT_3D('',#1953,#1954,#1955);
#1957=PLANE('',#1956);
#1958=ORIENTED_EDGE('',*,*,#1689,.F.);
#1959=ORIENTED_EDGE('',*,*,#1667,.F.);
#1961=ORIENTED_EDGE('',*,*,#1960,.T.);
#1963=ORIENTED_EDGE('',*,*,#1962,.T.);
#1965=ORIENTED_EDGE('',*,*,#1964,.F.);
#1966=ORIENTED_EDGE('',*,*,#1941,.T.);
#1967=EDGE_LOOP('',(#1958,#1959,#1961,#1963,#1965,#1966));
#1968=FACE_OUTER_BOUND('',#1967,.F.);
#1969=ADVANCED_FACE('',(#1968),#1957,.T.);
#1970=CARTESIAN_POINT('',(-2.03E0,-8.56E0,-8.06E0));
#1971=DIRECTION('',(-1.E0,0.E0,0.E0));
#1972=DIRECTION('',(0.E0,0.E0,-1.E0));
#1973=AXIS2_PLACEMENT_3D('',#1970,#1971,#1972);
#1974=PLANE('',#1973);
#1975=ORIENTED_EDGE('',*,*,#1947,.T.);
#1977=ORIENTED_EDGE('',*,*,#1976,.T.);
#1979=ORIENTED_EDGE('',*,*,#1978,.T.);
#1980=ORIENTED_EDGE('',*,*,#1960,.F.);
#1981=ORIENTED_EDGE('',*,*,#1665,.T.);
#1982=ORIENTED_EDGE('',*,*,#1911,.F.);
#1983=EDGE_LOOP('',(#1975,#1977,#1979,#1980,#1981,#1982));
#1984=FACE_OUTER_BOUND('',#1983,.F.);
#1985=ADVANCED_FACE('',(#1984),#1974,.F.);
#1986=CARTESIAN_POINT('',(4.2000024E0,-8.56E0,-1.4363151E1));
#1987=DIRECTION('',(0.E0,1.E0,0.E0));
#1988=DIRECTION('',(0.E0,0.E0,-1.E0));
#1989=AXIS2_PLACEMENT_3D('',#1986,#1987,#1988);
#1990=PLANE('',#1989);
#1991=ORIENTED_EDGE('',*,*,#1945,.F.);
#1993=ORIENTED_EDGE('',*,*,#1992,.F.);
#1995=ORIENTED_EDGE('',*,*,#1994,.F.);
#1996=ORIENTED_EDGE('',*,*,#1976,.F.);
#1997=EDGE_LOOP('',(#1991,#1993,#1995,#1996));
#1998=FACE_OUTER_BOUND('',#1997,.F.);
#1999=ADVANCED_FACE('',(#1998),#1990,.F.);
#2000=CARTESIAN_POINT('',(-3.05E0,-8.56E0,-1.365E1));
#2001=DIRECTION('',(1.E0,0.E0,0.E0));
#2002=DIRECTION('',(0.E0,0.E0,1.E0));
#2003=AXIS2_PLACEMENT_3D('',#2000,#2001,#2002);
#2004=PLANE('',#2003);
#2006=ORIENTED_EDGE('',*,*,#2005,.T.);
#2007=ORIENTED_EDGE('',*,*,#1992,.T.);
#2008=ORIENTED_EDGE('',*,*,#1943,.F.);
#2009=ORIENTED_EDGE('',*,*,#1964,.T.);
#2010=EDGE_LOOP('',(#2006,#2007,#2008,#2009));
#2011=FACE_OUTER_BOUND('',#2010,.F.);
#2012=ADVANCED_FACE('',(#2011),#2004,.F.);
#2013=CARTESIAN_POINT('',(-3.05E0,-8.56E0,-7.55E0));
#2014=DIRECTION('',(0.E0,0.E0,-1.E0));
#2015=DIRECTION('',(1.E0,0.E0,0.E0));
#2016=AXIS2_PLACEMENT_3D('',#2013,#2014,#2015);
#2017=PLANE('',#2016);
#2018=ORIENTED_EDGE('',*,*,#1978,.F.);
#2019=ORIENTED_EDGE('',*,*,#1994,.T.);
#2020=ORIENTED_EDGE('',*,*,#2005,.F.);
#2021=ORIENTED_EDGE('',*,*,#1962,.F.);
#2022=EDGE_LOOP('',(#2018,#2019,#2020,#2021));
#2023=FACE_OUTER_BOUND('',#2022,.F.);
#2024=ADVANCED_FACE('',(#2023),#2017,.F.);
#2025=CARTESIAN_POINT('',(2.03E0,-8.56E0,-8.57E0));
#2026=DIRECTION('',(1.E0,0.E0,0.E0));
#2027=DIRECTION('',(0.E0,0.E0,1.E0));
#2028=AXIS2_PLACEMENT_3D('',#2025,#2026,#2027);
#2029=PLANE('',#2028);
#2030=ORIENTED_EDGE('',*,*,#1661,.T.);
#2032=ORIENTED_EDGE('',*,*,#2031,.F.);
#2034=ORIENTED_EDGE('',*,*,#2033,.T.);
#2036=ORIENTED_EDGE('',*,*,#2035,.T.);
#2038=ORIENTED_EDGE('',*,*,#2037,.F.);
#2039=ORIENTED_EDGE('',*,*,#1914,.F.);
#2040=EDGE_LOOP('',(#2030,#2032,#2034,#2036,#2038,#2039));
#2041=FACE_OUTER_BOUND('',#2040,.F.);
#2042=ADVANCED_FACE('',(#2041),#2029,.F.);
#2043=CARTESIAN_POINT('',(0.E0,-5.56E0,-1.06E1));
#2044=DIRECTION('',(0.E0,-1.E0,0.E0));
#2045=DIRECTION('',(1.E0,0.E0,0.E0));
#2046=AXIS2_PLACEMENT_3D('',#2043,#2044,#2045);
#2047=PLANE('',#2046);
#2049=ORIENTED_EDGE('',*,*,#2048,.T.);
#2051=ORIENTED_EDGE('',*,*,#2050,.T.);
#2053=ORIENTED_EDGE('',*,*,#2052,.T.);
#2054=ORIENTED_EDGE('',*,*,#2031,.T.);
#2055=ORIENTED_EDGE('',*,*,#1659,.F.);
#2056=ORIENTED_EDGE('',*,*,#1746,.F.);
#2057=EDGE_LOOP('',(#2049,#2051,#2053,#2054,#2055,#2056));
#2058=FACE_OUTER_BOUND('',#2057,.F.);
#2059=ADVANCED_FACE('',(#2058),#2047,.T.);
#2060=CARTESIAN_POINT('',(4.006866E0,-8.56E0,-8.57E0));
#2061=DIRECTION('',(0.E0,0.E0,1.E0));
#2062=DIRECTION('',(-1.E0,0.E0,0.E0));
#2063=AXIS2_PLACEMENT_3D('',#2060,#2061,#2062);
#2064=PLANE('',#2063);
#2065=ORIENTED_EDGE('',*,*,#2037,.T.);
#2067=ORIENTED_EDGE('',*,*,#2066,.T.);
#2069=ORIENTED_EDGE('',*,*,#2068,.T.);
#2070=ORIENTED_EDGE('',*,*,#2048,.F.);
#2071=ORIENTED_EDGE('',*,*,#1744,.T.);
#2072=ORIENTED_EDGE('',*,*,#1916,.F.);
#2073=EDGE_LOOP('',(#2065,#2067,#2069,#2070,#2071,#2072));
#2074=FACE_OUTER_BOUND('',#2073,.F.);
#2075=ADVANCED_FACE('',(#2074),#2064,.F.);
#2076=CARTESIAN_POINT('',(4.2000024E0,-8.56E0,-1.4363151E1));
#2077=DIRECTION('',(0.E0,1.E0,0.E0));
#2078=DIRECTION('',(0.E0,0.E0,-1.E0));
#2079=AXIS2_PLACEMENT_3D('',#2076,#2077,#2078);
#2080=PLANE('',#2079);
#2081=ORIENTED_EDGE('',*,*,#2035,.F.);
#2083=ORIENTED_EDGE('',*,*,#2082,.F.);
#2085=ORIENTED_EDGE('',*,*,#2084,.F.);
#2086=ORIENTED_EDGE('',*,*,#2066,.F.);
#2087=EDGE_LOOP('',(#2081,#2083,#2085,#2086));
#2088=FACE_OUTER_BOUND('',#2087,.F.);
#2089=ADVANCED_FACE('',(#2088),#2080,.F.);
#2090=CARTESIAN_POINT('',(-3.05E0,-8.56E0,-7.55E0));
#2091=DIRECTION('',(0.E0,0.E0,-1.E0));
#2092=DIRECTION('',(1.E0,0.E0,0.E0));
#2093=AXIS2_PLACEMENT_3D('',#2090,#2091,#2092);
#2094=PLANE('',#2093);
#2096=ORIENTED_EDGE('',*,*,#2095,.T.);
#2097=ORIENTED_EDGE('',*,*,#2082,.T.);
#2098=ORIENTED_EDGE('',*,*,#2033,.F.);
#2099=ORIENTED_EDGE('',*,*,#2052,.F.);
#2100=EDGE_LOOP('',(#2096,#2097,#2098,#2099));
#2101=FACE_OUTER_BOUND('',#2100,.F.);
#2102=ADVANCED_FACE('',(#2101),#2094,.F.);
#2103=CARTESIAN_POINT('',(3.05E0,-8.56E0,-7.55E0));
#2104=DIRECTION('',(-1.E0,0.E0,0.E0));
#2105=DIRECTION('',(0.E0,0.E0,-1.E0));
#2106=AXIS2_PLACEMENT_3D('',#2103,#2104,#2105);
#2107=PLANE('',#2106);
#2108=ORIENTED_EDGE('',*,*,#2068,.F.);
#2109=ORIENTED_EDGE('',*,*,#2084,.T.);
#2110=ORIENTED_EDGE('',*,*,#2095,.F.);
#2111=ORIENTED_EDGE('',*,*,#2050,.F.);
#2112=EDGE_LOOP('',(#2108,#2109,#2110,#2111));
#2113=FACE_OUTER_BOUND('',#2112,.F.);
#2114=ADVANCED_FACE('',(#2113),#2107,.F.);
#2115=CARTESIAN_POINT('',(-2.03E0,-8.56E0,-1.263E1));
#2116=DIRECTION('',(-1.E0,0.E0,0.E0));
#2117=DIRECTION('',(0.E0,0.E0,-1.E0));
#2118=AXIS2_PLACEMENT_3D('',#2115,#2116,#2117);
#2119=PLANE('',#2118);
#2120=ORIENTED_EDGE('',*,*,#1716,.T.);
#2122=ORIENTED_EDGE('',*,*,#2121,.F.);
#2124=ORIENTED_EDGE('',*,*,#2123,.T.);
#2126=ORIENTED_EDGE('',*,*,#2125,.T.);
#2128=ORIENTED_EDGE('',*,*,#2127,.F.);
#2129=ORIENTED_EDGE('',*,*,#1922,.F.);
#2130=EDGE_LOOP('',(#2120,#2122,#2124,#2126,#2128,#2129));
#2131=FACE_OUTER_BOUND('',#2130,.F.);
#2132=ADVANCED_FACE('',(#2131),#2119,.F.);
#2133=CARTESIAN_POINT('',(0.E0,-5.56E0,-1.06E1));
#2134=DIRECTION('',(0.E0,-1.E0,0.E0));
#2135=DIRECTION('',(1.E0,0.E0,0.E0));
#2136=AXIS2_PLACEMENT_3D('',#2133,#2134,#2135);
#2137=PLANE('',#2136);
#2139=ORIENTED_EDGE('',*,*,#2138,.F.);
#2141=ORIENTED_EDGE('',*,*,#2140,.T.);
#2142=ORIENTED_EDGE('',*,*,#2121,.T.);
#2143=ORIENTED_EDGE('',*,*,#1714,.F.);
#2144=ORIENTED_EDGE('',*,*,#1697,.F.);
#2146=ORIENTED_EDGE('',*,*,#2145,.T.);
#2147=EDGE_LOOP('',(#2139,#2141,#2142,#2143,#2144,#2146));
#2148=FACE_OUTER_BOUND('',#2147,.F.);
#2149=ADVANCED_FACE('',(#2148),#2137,.T.);
#2150=CARTESIAN_POINT('',(-3.05E0,-8.56E0,-1.365E1));
#2151=DIRECTION('',(1.E0,0.E0,0.E0));
#2152=DIRECTION('',(0.E0,0.E0,1.E0));
#2153=AXIS2_PLACEMENT_3D('',#2150,#2151,#2152);
#2154=PLANE('',#2153);
#2156=ORIENTED_EDGE('',*,*,#2155,.F.);
#2158=ORIENTED_EDGE('',*,*,#2157,.T.);
#2160=ORIENTED_EDGE('',*,*,#2159,.F.);
#2161=ORIENTED_EDGE('',*,*,#2138,.T.);
#2162=EDGE_LOOP('',(#2156,#2158,#2160,#2161));
#2163=FACE_OUTER_BOUND('',#2162,.F.);
#2164=ADVANCED_FACE('',(#2163),#2154,.F.);
#2165=CARTESIAN_POINT('',(-4.318084E0,-8.56E0,-1.263E1));
#2166=DIRECTION('',(0.E0,0.E0,-1.E0));
#2167=DIRECTION('',(1.E0,0.E0,0.E0));
#2168=AXIS2_PLACEMENT_3D('',#2165,#2166,#2167);
#2169=PLANE('',#2168);
#2170=ORIENTED_EDGE('',*,*,#2127,.T.);
#2172=ORIENTED_EDGE('',*,*,#2171,.T.);
#2173=ORIENTED_EDGE('',*,*,#2155,.T.);
#2174=ORIENTED_EDGE('',*,*,#2145,.F.);
#2175=ORIENTED_EDGE('',*,*,#1695,.T.);
#2176=ORIENTED_EDGE('',*,*,#1924,.F.);
#2177=EDGE_LOOP('',(#2170,#2172,#2173,#2174,#2175,#2176));
#2178=FACE_OUTER_BOUND('',#2177,.F.);
#2179=ADVANCED_FACE('',(#2178),#2169,.F.);
#2180=CARTESIAN_POINT('',(4.2000024E0,-8.56E0,-1.4363151E1));
#2181=DIRECTION('',(0.E0,1.E0,0.E0));
#2182=DIRECTION('',(0.E0,0.E0,-1.E0));
#2183=AXIS2_PLACEMENT_3D('',#2180,#2181,#2182);
#2184=PLANE('',#2183);
#2185=ORIENTED_EDGE('',*,*,#2157,.F.);
#2186=ORIENTED_EDGE('',*,*,#2171,.F.);
#2187=ORIENTED_EDGE('',*,*,#2125,.F.);
#2189=ORIENTED_EDGE('',*,*,#2188,.F.);
#2190=EDGE_LOOP('',(#2185,#2186,#2187,#2189));
#2191=FACE_OUTER_BOUND('',#2190,.F.);
#2192=ADVANCED_FACE('',(#2191),#2184,.F.);
#2193=CARTESIAN_POINT('',(3.05E0,-8.56E0,-1.365E1));
#2194=DIRECTION('',(0.E0,0.E0,1.E0));
#2195=DIRECTION('',(-1.E0,0.E0,0.E0));
#2196=AXIS2_PLACEMENT_3D('',#2193,#2194,#2195);
#2197=PLANE('',#2196);
#2198=ORIENTED_EDGE('',*,*,#2159,.T.);
#2199=ORIENTED_EDGE('',*,*,#2188,.T.);
#2200=ORIENTED_EDGE('',*,*,#2123,.F.);
#2201=ORIENTED_EDGE('',*,*,#2140,.F.);
#2202=EDGE_LOOP('',(#2198,#2199,#2200,#2201));
#2203=FACE_OUTER_BOUND('',#2202,.F.);
#2204=ADVANCED_FACE('',(#2203),#2197,.F.);
#2205=CARTESIAN_POINT('',(0.E0,-4.98E0,-1.06E1));
#2206=DIRECTION('',(0.E0,-1.E0,0.E0));
#2207=DIRECTION('',(0.E0,0.E0,-1.E0));
#2208=AXIS2_PLACEMENT_3D('',#2205,#2206,#2207);
#2209=CONICAL_SURFACE('',#2208,1.595E0,4.5E1);
#2211=ORIENTED_EDGE('',*,*,#2210,.F.);
#2213=ORIENTED_EDGE('',*,*,#2212,.F.);
#2214=ORIENTED_EDGE('',*,*,#1928,.T.);
#2216=ORIENTED_EDGE('',*,*,#2215,.T.);
#2218=ORIENTED_EDGE('',*,*,#2217,.F.);
#2219=EDGE_LOOP('',(#2211,#2213,#2214,#2216,#2218));
#2220=FACE_OUTER_BOUND('',#2219,.F.);
#2221=ADVANCED_FACE('',(#2220),#2209,.F.);
#2222=CARTESIAN_POINT('',(0.E0,-5.06E0,-1.06E1));
#2223=DIRECTION('',(0.E0,-1.E0,0.E0));
#2224=DIRECTION('',(-1.E0,0.E0,0.E0));
#2225=AXIS2_PLACEMENT_3D('',#2222,#2223,#2224);
#2226=CYLINDRICAL_SURFACE('',#2225,1.515E0);
#2227=ORIENTED_EDGE('',*,*,#2210,.T.);
#2229=ORIENTED_EDGE('',*,*,#2228,.F.);
#2231=ORIENTED_EDGE('',*,*,#2230,.T.);
#2233=ORIENTED_EDGE('',*,*,#2232,.T.);
#2235=ORIENTED_EDGE('',*,*,#2234,.T.);
#2236=EDGE_LOOP('',(#2227,#2229,#2231,#2233,#2235));
#2237=FACE_OUTER_BOUND('',#2236,.F.);
#2238=ADVANCED_FACE('',(#2237),#2226,.T.);
#2239=CARTESIAN_POINT('',(0.E0,-5.06E0,-1.06E1));
#2240=DIRECTION('',(0.E0,-1.E0,0.E0));
#2241=DIRECTION('',(-1.E0,0.E0,0.E0));
#2242=AXIS2_PLACEMENT_3D('',#2239,#2240,#2241);
#2243=CYLINDRICAL_SURFACE('',#2242,1.515E0);
#2244=ORIENTED_EDGE('',*,*,#2228,.T.);
#2245=ORIENTED_EDGE('',*,*,#2217,.T.);
#2247=ORIENTED_EDGE('',*,*,#2246,.T.);
#2248=ORIENTED_EDGE('',*,*,#2232,.F.);
#2250=ORIENTED_EDGE('',*,*,#2249,.T.);
#2251=EDGE_LOOP('',(#2244,#2245,#2247,#2248,#2250));
#2252=FACE_OUTER_BOUND('',#2251,.F.);
#2253=ADVANCED_FACE('',(#2252),#2243,.T.);
#2254=CARTESIAN_POINT('',(0.E0,-4.98E0,-1.06E1));
#2255=DIRECTION('',(0.E0,-1.E0,0.E0));
#2256=DIRECTION('',(0.E0,0.E0,-1.E0));
#2257=AXIS2_PLACEMENT_3D('',#2254,#2255,#2256);
#2258=CONICAL_SURFACE('',#2257,1.595E0,4.5E1);
#2259=ORIENTED_EDGE('',*,*,#2212,.T.);
#2260=ORIENTED_EDGE('',*,*,#2234,.F.);
#2261=ORIENTED_EDGE('',*,*,#2246,.F.);
#2262=ORIENTED_EDGE('',*,*,#2215,.F.);
#2263=ORIENTED_EDGE('',*,*,#1930,.T.);
#2264=EDGE_LOOP('',(#2259,#2260,#2261,#2262,#2263));
#2265=FACE_OUTER_BOUND('',#2264,.F.);
#2266=ADVANCED_FACE('',(#2265),#2258,.F.);
#2267=CARTESIAN_POINT('',(0.E0,-4.985E0,-1.06E1));
#2268=DIRECTION('',(0.E0,1.E0,0.E0));
#2269=DIRECTION('',(1.E0,0.E0,0.E0));
#2270=AXIS2_PLACEMENT_3D('',#2267,#2268,#2269);
#2271=CONICAL_SURFACE('',#2270,1.44E0,4.5E1);
#2273=ORIENTED_EDGE('',*,*,#2272,.T.);
#2275=ORIENTED_EDGE('',*,*,#2274,.F.);
#2276=ORIENTED_EDGE('',*,*,#2249,.F.);
#2278=ORIENTED_EDGE('',*,*,#2277,.T.);
#2279=EDGE_LOOP('',(#2273,#2275,#2276,#2278));
#2280=FACE_OUTER_BOUND('',#2279,.F.);
#2281=ADVANCED_FACE('',(#2280),#2271,.T.);
#2282=CARTESIAN_POINT('',(0.E0,-5.06E0,-1.06E1));
#2283=DIRECTION('',(0.E0,-1.E0,0.E0));
#2284=DIRECTION('',(-1.E0,0.E0,0.E0));
#2285=AXIS2_PLACEMENT_3D('',#2282,#2283,#2284);
#2286=PLANE('',#2285);
#2287=ORIENTED_EDGE('',*,*,#2272,.F.);
#2289=ORIENTED_EDGE('',*,*,#2288,.F.);
#2290=EDGE_LOOP('',(#2287,#2289));
#2291=FACE_OUTER_BOUND('',#2290,.F.);
#2293=ORIENTED_EDGE('',*,*,#2292,.F.);
#2295=ORIENTED_EDGE('',*,*,#2294,.F.);
#2296=EDGE_LOOP('',(#2293,#2295));
#2297=FACE_BOUND('',#2296,.F.);
#2298=ADVANCED_FACE('',(#2291,#2297),#2286,.T.);
#2299=CARTESIAN_POINT('',(0.E0,-4.985E0,-1.06E1));
#2300=DIRECTION('',(0.E0,1.E0,0.E0));
#2301=DIRECTION('',(1.E0,0.E0,0.E0));
#2302=AXIS2_PLACEMENT_3D('',#2299,#2300,#2301);
#2303=CONICAL_SURFACE('',#2302,1.44E0,4.5E1);
#2304=ORIENTED_EDGE('',*,*,#2230,.F.);
#2305=ORIENTED_EDGE('',*,*,#2274,.T.);
#2306=ORIENTED_EDGE('',*,*,#2288,.T.);
#2307=ORIENTED_EDGE('',*,*,#2277,.F.);
#2308=EDGE_LOOP('',(#2304,#2305,#2306,#2307));
#2309=FACE_OUTER_BOUND('',#2308,.F.);
#2310=ADVANCED_FACE('',(#2309),#2303,.T.);
#2311=CARTESIAN_POINT('',(0.E0,8.77E0,-1.060000044803E1));
#2312=DIRECTION('',(0.E0,1.E0,0.E0));
#2313=DIRECTION('',(-1.E0,0.E0,0.E0));
#2314=AXIS2_PLACEMENT_3D('',#2311,#2312,#2313);
#2315=CYLINDRICAL_SURFACE('',#2314,4.5E-1);
#2317=ORIENTED_EDGE('',*,*,#2316,.T.);
#2319=ORIENTED_EDGE('',*,*,#2318,.F.);
#2320=ORIENTED_EDGE('',*,*,#2292,.T.);
#2322=ORIENTED_EDGE('',*,*,#2321,.T.);
#2323=EDGE_LOOP('',(#2317,#2319,#2320,#2322));
#2324=FACE_OUTER_BOUND('',#2323,.F.);
#2325=ADVANCED_FACE('',(#2324),#2315,.T.);
#2326=CARTESIAN_POINT('',(0.E0,-8.2E0,-1.060000044803E1));
#2327=DIRECTION('',(0.E0,1.E0,0.E0));
#2328=DIRECTION('',(-1.E0,0.E0,0.E0));
#2329=AXIS2_PLACEMENT_3D('',#2326,#2327,#2328);
#2330=CONICAL_SURFACE('',#2329,3.5E-1,4.5E1);
#2331=ORIENTED_EDGE('',*,*,#2316,.F.);
#2333=ORIENTED_EDGE('',*,*,#2332,.T.);
#2335=ORIENTED_EDGE('',*,*,#2334,.T.);
#2337=ORIENTED_EDGE('',*,*,#2336,.F.);
#2338=EDGE_LOOP('',(#2331,#2333,#2335,#2337));
#2339=FACE_OUTER_BOUND('',#2338,.F.);
#2340=ADVANCED_FACE('',(#2339),#2330,.T.);
#2341=CARTESIAN_POINT('',(0.E0,-8.2E0,-1.060000044803E1));
#2342=DIRECTION('',(0.E0,1.E0,0.E0));
#2343=DIRECTION('',(-1.E0,0.E0,0.E0));
#2344=AXIS2_PLACEMENT_3D('',#2341,#2342,#2343);
#2345=CONICAL_SURFACE('',#2344,3.5E-1,4.5E1);
#2346=ORIENTED_EDGE('',*,*,#2332,.F.);
#2348=ORIENTED_EDGE('',*,*,#2347,.F.);
#2349=ORIENTED_EDGE('',*,*,#2336,.T.);
#2351=ORIENTED_EDGE('',*,*,#2350,.T.);
#2352=EDGE_LOOP('',(#2346,#2348,#2349,#2351));
#2353=FACE_OUTER_BOUND('',#2352,.F.);
#2354=ADVANCED_FACE('',(#2353),#2345,.T.);
#2355=CARTESIAN_POINT('',(0.E0,8.77E0,-1.060000044803E1));
#2356=DIRECTION('',(0.E0,1.E0,0.E0));
#2357=DIRECTION('',(-1.E0,0.E0,0.E0));
#2358=AXIS2_PLACEMENT_3D('',#2355,#2356,#2357);
#2359=CYLINDRICAL_SURFACE('',#2358,4.5E-1);
#2360=ORIENTED_EDGE('',*,*,#2318,.T.);
#2361=ORIENTED_EDGE('',*,*,#2347,.T.);
#2362=ORIENTED_EDGE('',*,*,#2321,.F.);
#2363=ORIENTED_EDGE('',*,*,#2294,.T.);
#2364=EDGE_LOOP('',(#2360,#2361,#2362,#2363));
#2365=FACE_OUTER_BOUND('',#2364,.F.);
#2366=ADVANCED_FACE('',(#2365),#2359,.T.);
#2367=CARTESIAN_POINT('',(-5.407009E-1,-8.3E0,-7.703630007986E-1));
#2368=DIRECTION('',(0.E0,1.E0,0.E0));
#2369=DIRECTION('',(0.E0,0.E0,1.E0));
#2370=AXIS2_PLACEMENT_3D('',#2367,#2368,#2369);
#2371=PLANE('',#2370);
#2372=ORIENTED_EDGE('',*,*,#2334,.F.);
#2373=ORIENTED_EDGE('',*,*,#2350,.F.);
#2374=EDGE_LOOP('',(#2372,#2373));
#2375=FACE_OUTER_BOUND('',#2374,.F.);
#2376=ADVANCED_FACE('',(#2375),#2371,.F.);
#2377=CARTESIAN_POINT('',(0.E0,0.E0,0.E0));
#2378=DIRECTION('',(0.E0,0.E0,1.E0));
#2379=DIRECTION('',(-1.E0,0.E0,0.E0));
#2380=AXIS2_PLACEMENT_3D('',#2377,#2378,#2379);
#2381=CYLINDRICAL_SURFACE('',#2380,3.2E0);
#2382=ORIENTED_EDGE('',*,*,#1641,.F.);
#2383=ORIENTED_EDGE('',*,*,#1622,.T.);
#2384=ORIENTED_EDGE('',*,*,#1638,.T.);
#2385=ORIENTED_EDGE('',*,*,#1672,.T.);
#2386=EDGE_LOOP('',(#2382,#2383,#2384,#2385));
#2387=FACE_OUTER_BOUND('',#2386,.F.);
#2388=ADVANCED_FACE('',(#2387),#2381,.T.);
#2389=CARTESIAN_POINT('',(0.E0,0.E0,-3.575377953694E0));
#2390=DIRECTION('',(0.E0,0.E0,-1.E0));
#2391=DIRECTION('',(1.E0,0.E0,0.E0));
#2392=AXIS2_PLACEMENT_3D('',#2389,#2390,#2391);
#2393=TOROIDAL_SURFACE('',#2392,1.755E0,1.3E-1);
#2394=ORIENTED_EDGE('',*,*,#1507,.F.);
#2395=ORIENTED_EDGE('',*,*,#1532,.F.);
#2396=ORIENTED_EDGE('',*,*,#1546,.F.);
#2397=ORIENTED_EDGE('',*,*,#1511,.T.);
#2398=ORIENTED_EDGE('',*,*,#1474,.F.);
#2399=ORIENTED_EDGE('',*,*,#1491,.F.);
#2400=EDGE_LOOP('',(#2394,#2395,#2396,#2397,#2398,#2399));
#2401=FACE_OUTER_BOUND('',#2400,.F.);
#2402=ADVANCED_FACE('',(#2401),#2393,.F.);
#2403=CARTESIAN_POINT('',(0.E0,0.E0,-2.5E-1));
#2404=DIRECTION('',(0.E0,0.E0,-1.E0));
#2405=DIRECTION('',(1.E0,0.E0,0.E0));
#2406=AXIS2_PLACEMENT_3D('',#2403,#2404,#2405);
#2407=CONICAL_SURFACE('',#2406,1.768012701892E0,1.5E1);
#2408=ORIENTED_EDGE('',*,*,#1332,.T.);
#2409=ORIENTED_EDGE('',*,*,#1313,.T.);
#2410=ORIENTED_EDGE('',*,*,#1329,.F.);
#2411=ORIENTED_EDGE('',*,*,#1360,.F.);
#2412=EDGE_LOOP('',(#2408,#2409,#2410,#2411));
#2413=FACE_OUTER_BOUND('',#2412,.F.);
#2414=ADVANCED_FACE('',(#2413),#2407,.T.);
#2415=CARTESIAN_POINT('',(0.E0,0.E0,-2.5E-1));
#2416=DIRECTION('',(0.E0,0.E0,-1.E0));
#2417=DIRECTION('',(1.E0,0.E0,0.E0));
#2418=AXIS2_PLACEMENT_3D('',#2415,#2416,#2417);
#2419=CONICAL_SURFACE('',#2418,1.28E0,4.5E1);
#2421=ORIENTED_EDGE('',*,*,#2420,.T.);
#2423=ORIENTED_EDGE('',*,*,#2422,.F.);
#2424=ORIENTED_EDGE('',*,*,#1286,.T.);
#2426=ORIENTED_EDGE('',*,*,#2425,.T.);
#2427=EDGE_LOOP('',(#2421,#2423,#2424,#2426));
#2428=FACE_OUTER_BOUND('',#2427,.F.);
#2429=ADVANCED_FACE('',(#2428),#2419,.T.);
#2430=CARTESIAN_POINT('',(0.E0,0.E0,-1.5E-1));
#2431=DIRECTION('',(0.E0,0.E0,1.E0));
#2432=DIRECTION('',(-1.E0,0.E0,0.E0));
#2433=AXIS2_PLACEMENT_3D('',#2430,#2431,#2432);
#2434=PLANE('',#2433);
#2435=ORIENTED_EDGE('',*,*,#2420,.F.);
#2437=ORIENTED_EDGE('',*,*,#2436,.F.);
#2438=EDGE_LOOP('',(#2435,#2437));
#2439=FACE_OUTER_BOUND('',#2438,.F.);
#2441=ORIENTED_EDGE('',*,*,#2440,.F.);
#2443=ORIENTED_EDGE('',*,*,#2442,.F.);
#2444=EDGE_LOOP('',(#2441,#2443));
#2445=FACE_BOUND('',#2444,.F.);
#2446=ADVANCED_FACE('',(#2439,#2445),#2434,.T.);
#2447=CARTESIAN_POINT('',(0.E0,0.E0,-2.5E-1));
#2448=DIRECTION('',(0.E0,0.E0,-1.E0));
#2449=DIRECTION('',(1.E0,0.E0,0.E0));
#2450=AXIS2_PLACEMENT_3D('',#2447,#2448,#2449);
#2451=CONICAL_SURFACE('',#2450,1.28E0,4.5E1);
#2452=ORIENTED_EDGE('',*,*,#2422,.T.);
#2453=ORIENTED_EDGE('',*,*,#2436,.T.);
#2454=ORIENTED_EDGE('',*,*,#2425,.F.);
#2455=ORIENTED_EDGE('',*,*,#1288,.T.);
#2456=EDGE_LOOP('',(#2452,#2453,#2454,#2455));
#2457=FACE_OUTER_BOUND('',#2456,.F.);
#2458=ADVANCED_FACE('',(#2457),#2451,.T.);
#2459=CARTESIAN_POINT('',(0.E0,0.E0,-1.29E0));
#2460=DIRECTION('',(0.E0,0.E0,1.E0));
#2461=DIRECTION('',(-1.E0,0.E0,0.E0));
#2462=AXIS2_PLACEMENT_3D('',#2459,#2460,#2461);
#2463=CYLINDRICAL_SURFACE('',#2462,1.05E0);
#2465=ORIENTED_EDGE('',*,*,#2464,.T.);
#2467=ORIENTED_EDGE('',*,*,#2466,.F.);
#2468=ORIENTED_EDGE('',*,*,#2440,.T.);
#2470=ORIENTED_EDGE('',*,*,#2469,.T.);
#2471=EDGE_LOOP('',(#2465,#2467,#2468,#2470));
#2472=FACE_OUTER_BOUND('',#2471,.F.);
#2473=ADVANCED_FACE('',(#2472),#2463,.F.);
#2474=CARTESIAN_POINT('',(5.25E-1,0.E0,-3.43E0));
#2475=DIRECTION('',(0.E0,0.E0,1.E0));
#2476=DIRECTION('',(-1.E0,0.E0,0.E0));
#2477=AXIS2_PLACEMENT_3D('',#2474,#2475,#2476);
#2478=PLANE('',#2477);
#2479=ORIENTED_EDGE('',*,*,#2464,.F.);
#2481=ORIENTED_EDGE('',*,*,#2480,.F.);
#2482=EDGE_LOOP('',(#2479,#2481));
#2483=FACE_OUTER_BOUND('',#2482,.F.);
#2485=ORIENTED_EDGE('',*,*,#2484,.F.);
#2487=ORIENTED_EDGE('',*,*,#2486,.F.);
#2488=EDGE_LOOP('',(#2485,#2487));
#2489=FACE_BOUND('',#2488,.F.);
#2490=ADVANCED_FACE('',(#2483,#2489),#2478,.T.);
#2491=CARTESIAN_POINT('',(0.E0,0.E0,-1.29E0));
#2492=DIRECTION('',(0.E0,0.E0,1.E0));
#2493=DIRECTION('',(-1.E0,0.E0,0.E0));
#2494=AXIS2_PLACEMENT_3D('',#2491,#2492,#2493);
#2495=CYLINDRICAL_SURFACE('',#2494,1.05E0);
#2496=ORIENTED_EDGE('',*,*,#2466,.T.);
#2497=ORIENTED_EDGE('',*,*,#2480,.T.);
#2498=ORIENTED_EDGE('',*,*,#2469,.F.);
#2499=ORIENTED_EDGE('',*,*,#2442,.T.);
#2500=EDGE_LOOP('',(#2496,#2497,#2498,#2499));
#2501=FACE_OUTER_BOUND('',#2500,.F.);
#2502=ADVANCED_FACE('',(#2501),#2495,.F.);
#2503=CARTESIAN_POINT('',(0.E0,0.E0,-1.37E0));
#2504=DIRECTION('',(0.E0,0.E0,1.E0));
#2505=DIRECTION('',(-1.E0,0.E0,0.E0));
#2506=AXIS2_PLACEMENT_3D('',#2503,#2504,#2505);
#2507=CYLINDRICAL_SURFACE('',#2506,4.5E-1);
#2509=ORIENTED_EDGE('',*,*,#2508,.T.);
#2511=ORIENTED_EDGE('',*,*,#2510,.F.);
#2512=ORIENTED_EDGE('',*,*,#2484,.T.);
#2514=ORIENTED_EDGE('',*,*,#2513,.T.);
#2515=EDGE_LOOP('',(#2509,#2511,#2512,#2514));
#2516=FACE_OUTER_BOUND('',#2515,.F.);
#2517=ADVANCED_FACE('',(#2516),#2507,.F.);
#2518=CARTESIAN_POINT('',(0.E0,0.E0,-3.49E0));
#2519=DIRECTION('',(0.E0,0.E0,1.E0));
#2520=DIRECTION('',(-1.E0,0.E0,0.E0));
#2521=AXIS2_PLACEMENT_3D('',#2518,#2519,#2520);
#2522=PLANE('',#2521);
#2523=ORIENTED_EDGE('',*,*,#2508,.F.);
#2525=ORIENTED_EDGE('',*,*,#2524,.F.);
#2526=EDGE_LOOP('',(#2523,#2525));
#2527=FACE_OUTER_BOUND('',#2526,.F.);
#2529=ORIENTED_EDGE('',*,*,#2528,.F.);
#2531=ORIENTED_EDGE('',*,*,#2530,.F.);
#2532=EDGE_LOOP('',(#2529,#2531));
#2533=FACE_BOUND('',#2532,.F.);
#2534=ADVANCED_FACE('',(#2527,#2533),#2522,.T.);
#2535=CARTESIAN_POINT('',(0.E0,0.E0,-1.37E0));
#2536=DIRECTION('',(0.E0,0.E0,1.E0));
#2537=DIRECTION('',(-1.E0,0.E0,0.E0));
#2538=AXIS2_PLACEMENT_3D('',#2535,#2536,#2537);
#2539=CYLINDRICAL_SURFACE('',#2538,4.5E-1);
#2540=ORIENTED_EDGE('',*,*,#2510,.T.);
#2541=ORIENTED_EDGE('',*,*,#2524,.T.);
#2542=ORIENTED_EDGE('',*,*,#2513,.F.);
#2543=ORIENTED_EDGE('',*,*,#2486,.T.);
#2544=EDGE_LOOP('',(#2540,#2541,#2542,#2543));
#2545=FACE_OUTER_BOUND('',#2544,.F.);
#2546=ADVANCED_FACE('',(#2545),#2539,.F.);
#2547=CARTESIAN_POINT('',(0.E0,0.E0,-1.37E0));
#2548=DIRECTION('',(0.E0,0.E0,1.E0));
#2549=DIRECTION('',(-1.E0,0.E0,0.E0));
#2550=AXIS2_PLACEMENT_3D('',#2547,#2548,#2549);
#2551=CYLINDRICAL_SURFACE('',#2550,2.55E-1);
#2552=ORIENTED_EDGE('',*,*,#2528,.T.);
#2554=ORIENTED_EDGE('',*,*,#2553,.F.);
#2556=ORIENTED_EDGE('',*,*,#2555,.T.);
#2558=ORIENTED_EDGE('',*,*,#2557,.T.);
#2559=EDGE_LOOP('',(#2552,#2554,#2556,#2558));
#2560=FACE_OUTER_BOUND('',#2559,.F.);
#2561=ADVANCED_FACE('',(#2560),#2551,.T.);
#2562=CARTESIAN_POINT('',(0.E0,0.E0,-1.37E0));
#2563=DIRECTION('',(0.E0,0.E0,1.E0));
#2564=DIRECTION('',(-1.E0,0.E0,0.E0));
#2565=AXIS2_PLACEMENT_3D('',#2562,#2563,#2564);
#2566=CYLINDRICAL_SURFACE('',#2565,2.55E-1);
#2568=ORIENTED_EDGE('',*,*,#2567,.T.);
#2569=ORIENTED_EDGE('',*,*,#2553,.T.);
#2570=ORIENTED_EDGE('',*,*,#2530,.T.);
#2571=ORIENTED_EDGE('',*,*,#2557,.F.);
#2572=EDGE_LOOP('',(#2568,#2569,#2570,#2571));
#2573=FACE_OUTER_BOUND('',#2572,.F.);
#2574=ADVANCED_FACE('',(#2573),#2566,.T.);
#2575=CARTESIAN_POINT('',(0.E0,0.E0,-1.12E0));
#2576=DIRECTION('',(0.E0,0.E0,-1.E0));
#2577=DIRECTION('',(1.E0,0.E0,0.E0));
#2578=AXIS2_PLACEMENT_3D('',#2575,#2576,#2577);
#2579=CONICAL_SURFACE('',#2578,1.701050367581E-1,2.3E1);
#2581=ORIENTED_EDGE('',*,*,#2580,.T.);
#2583=ORIENTED_EDGE('',*,*,#2582,.F.);
#2584=ORIENTED_EDGE('',*,*,#2567,.F.);
#2586=ORIENTED_EDGE('',*,*,#2585,.T.);
#2587=EDGE_LOOP('',(#2581,#2583,#2584,#2586));
#2588=FACE_OUTER_BOUND('',#2587,.F.);
#2589=ADVANCED_FACE('',(#2588),#2579,.T.);
#2590=CARTESIAN_POINT('',(0.E0,0.E0,-9.2E-1));
#2591=DIRECTION('',(0.E0,0.E0,1.E0));
#2592=DIRECTION('',(-1.E0,0.E0,0.E0));
#2593=AXIS2_PLACEMENT_3D('',#2590,#2591,#2592);
#2594=PLANE('',#2593);
#2595=ORIENTED_EDGE('',*,*,#2580,.F.);
#2597=ORIENTED_EDGE('',*,*,#2596,.F.);
#2598=EDGE_LOOP('',(#2595,#2597));
#2599=FACE_OUTER_BOUND('',#2598,.F.);
#2600=ADVANCED_FACE('',(#2599),#2594,.T.);
#2601=CARTESIAN_POINT('',(0.E0,0.E0,-1.12E0));
#2602=DIRECTION('',(0.E0,0.E0,-1.E0));
#2603=DIRECTION('',(1.E0,0.E0,0.E0));
#2604=AXIS2_PLACEMENT_3D('',#2601,#2602,#2603);
#2605=CONICAL_SURFACE('',#2604,1.701050367581E-1,2.3E1);
#2606=ORIENTED_EDGE('',*,*,#2582,.T.);
#2607=ORIENTED_EDGE('',*,*,#2596,.T.);
#2608=ORIENTED_EDGE('',*,*,#2585,.F.);
#2609=ORIENTED_EDGE('',*,*,#2555,.F.);
#2610=EDGE_LOOP('',(#2606,#2607,#2608,#2609));
#2611=FACE_OUTER_BOUND('',#2610,.F.);
#2612=ADVANCED_FACE('',(#2611),#2605,.T.);
#2613=CLOSED_SHELL('',(#1275,#1292,#1305,#1321,#1336,#1351,#1365,#1382,#1401,
#1415,#1431,#1449,#1465,#1483,#1499,#1517,#1536,#1553,#1569,#1585,#1601,#1614,
#1630,#1645,#1676,#1701,#1726,#1750,#1762,#1777,#1788,#1799,#1810,#1828,#1846,
#1863,#1877,#1890,#1902,#1934,#1952,#1969,#1985,#1999,#2012,#2024,#2042,#2059,
#2075,#2089,#2102,#2114,#2132,#2149,#2164,#2179,#2192,#2204,#2221,#2238,#2253,
#2266,#2281,#2298,#2310,#2325,#2340,#2354,#2366,#2376,#2388,#2402,#2414,#2429,
#2446,#2458,#2473,#2490,#2502,#2517,#2534,#2546,#2561,#2574,#2589,#2600,#2612));
#2614=MANIFOLD_SOLID_BREP('',#2613);
#2615=CARTESIAN_POINT('',(0.E0,0.E0,0.E0));
#2616=DIRECTION('',(0.E0,0.E0,1.E0));
#2617=DIRECTION('',(1.E0,0.E0,0.E0));
#2618=AXIS2_PLACEMENT_3D('CM-73100-0103CM000_01',#2615,#2616,#2617);
#2619=CARTESIAN_POINT('',(0.E0,-8.56E0,-1.060000044803E1));
#2620=DIRECTION('',(0.E0,-1.E0,0.E0));
#2621=DIRECTION('',(1.E0,0.E0,0.E0));
#2622=AXIS2_PLACEMENT_3D('',#2619,#2620,#2621);
#2626=CARTESIAN_POINT('',(0.E0,-8.56E0,-1.060000044803E1));
#2627=DIRECTION('',(0.E0,-1.E0,0.E0));
#2628=DIRECTION('',(-1.E0,0.E0,0.E0));
#2629=AXIS2_PLACEMENT_3D('',#2626,#2627,#2628);
#2635=CARTESIAN_POINT('',(-2.54E0,-8.56E0,-8.060000448028E0));
#2636=DIRECTION('',(0.E0,-1.E0,0.E0));
#2637=DIRECTION('',(1.E0,0.E0,0.E0));
#2638=AXIS2_PLACEMENT_3D('',#2635,#2636,#2637);
#2642=CARTESIAN_POINT('',(-2.54E0,-8.56E0,-8.060000448028E0));
#2643=DIRECTION('',(0.E0,-1.E0,0.E0));
#2644=DIRECTION('',(-1.E0,0.E0,0.E0));
#2645=AXIS2_PLACEMENT_3D('',#2642,#2643,#2644);
#2650=CARTESIAN_POINT('',(2.54E0,-8.56E0,-8.060000448028E0));
#2651=DIRECTION('',(0.E0,-1.E0,0.E0));
#2652=DIRECTION('',(1.E0,0.E0,0.E0));
#2653=AXIS2_PLACEMENT_3D('',#2650,#2651,#2652);
#2657=CARTESIAN_POINT('',(2.54E0,-8.56E0,-8.060000448028E0));
#2658=DIRECTION('',(0.E0,-1.E0,0.E0));
#2659=DIRECTION('',(-1.E0,0.E0,0.E0));
#2660=AXIS2_PLACEMENT_3D('',#2657,#2658,#2659);
#2665=CARTESIAN_POINT('',(2.54E0,-8.56E0,-1.314000044803E1));
#2666=DIRECTION('',(0.E0,-1.E0,0.E0));
#2667=DIRECTION('',(1.E0,0.E0,0.E0));
#2668=AXIS2_PLACEMENT_3D('',#2665,#2666,#2667);
#2672=CARTESIAN_POINT('',(2.54E0,-8.56E0,-1.314000044803E1));
#2673=DIRECTION('',(0.E0,-1.E0,0.E0));
#2674=DIRECTION('',(-1.E0,0.E0,0.E0));
#2675=AXIS2_PLACEMENT_3D('',#2672,#2673,#2674);
#2680=CARTESIAN_POINT('',(-2.54E0,-8.56E0,-1.314000044803E1));
#2681=DIRECTION('',(0.E0,-1.E0,0.E0));
#2682=DIRECTION('',(1.E0,0.E0,0.E0));
#2683=AXIS2_PLACEMENT_3D('',#2680,#2681,#2682);
#2687=CARTESIAN_POINT('',(-2.54E0,-8.56E0,-1.314000044803E1));
#2688=DIRECTION('',(0.E0,-1.E0,0.E0));
#2689=DIRECTION('',(-1.E0,0.E0,0.E0));
#2690=AXIS2_PLACEMENT_3D('',#2687,#2688,#2689);
#2695=CARTESIAN_POINT('',(2.54E0,-8.56E0,-8.060000448028E0));
#2696=DIRECTION('',(0.E0,1.E0,0.E0));
#2697=DIRECTION('',(1.E0,0.E0,0.E0));
#2698=AXIS2_PLACEMENT_3D('',#2695,#2696,#2697);
#2702=CARTESIAN_POINT('',(2.54E0,-8.56E0,-8.060000448028E0));
#2703=DIRECTION('',(0.E0,1.E0,0.E0));
#2704=DIRECTION('',(-1.E0,0.E0,0.E0));
#2705=AXIS2_PLACEMENT_3D('',#2702,#2703,#2704);
#2710=CARTESIAN_POINT('',(-2.54E0,-8.56E0,-8.060000448028E0));
#2711=DIRECTION('',(0.E0,1.E0,0.E0));
#2712=DIRECTION('',(1.E0,0.E0,0.E0));
#2713=AXIS2_PLACEMENT_3D('',#2710,#2711,#2712);
#2717=CARTESIAN_POINT('',(-2.54E0,-8.56E0,-8.060000448028E0));
#2718=DIRECTION('',(0.E0,1.E0,0.E0));
#2719=DIRECTION('',(-1.E0,0.E0,0.E0));
#2720=AXIS2_PLACEMENT_3D('',#2717,#2718,#2719);
#2725=CARTESIAN_POINT('',(-2.54E0,-8.56E0,-1.314000044803E1));
#2726=DIRECTION('',(0.E0,1.E0,0.E0));
#2727=DIRECTION('',(1.E0,0.E0,0.E0));
#2728=AXIS2_PLACEMENT_3D('',#2725,#2726,#2727);
#2732=CARTESIAN_POINT('',(-2.54E0,-8.56E0,-1.314000044803E1));
#2733=DIRECTION('',(0.E0,1.E0,0.E0));
#2734=DIRECTION('',(-1.E0,0.E0,0.E0));
#2735=AXIS2_PLACEMENT_3D('',#2732,#2733,#2734);
#2740=CARTESIAN_POINT('',(2.54E0,-8.56E0,-1.314000044803E1));
#2741=DIRECTION('',(0.E0,1.E0,0.E0));
#2742=DIRECTION('',(1.E0,0.E0,0.E0));
#2743=AXIS2_PLACEMENT_3D('',#2740,#2741,#2742);
#2747=CARTESIAN_POINT('',(2.54E0,-8.56E0,-1.314000044803E1));
#2748=DIRECTION('',(0.E0,1.E0,0.E0));
#2749=DIRECTION('',(-1.E0,0.E0,0.E0));
#2750=AXIS2_PLACEMENT_3D('',#2747,#2748,#2749);
#2755=CARTESIAN_POINT('',(0.E0,-8.56E0,-1.060000044803E1));
#2756=DIRECTION('',(0.E0,1.E0,0.E0));
#2757=DIRECTION('',(1.E0,0.E0,0.E0));
#2758=AXIS2_PLACEMENT_3D('',#2755,#2756,#2757);
#2762=CARTESIAN_POINT('',(0.E0,-8.56E0,-1.060000044803E1));
#2763=DIRECTION('',(0.E0,1.E0,0.E0));
#2764=DIRECTION('',(-1.E0,0.E0,0.E0));
#2765=AXIS2_PLACEMENT_3D('',#2762,#2763,#2764);
#2771=DIMENSIONAL_EXPONENTS(0.E0,0.E0,0.E0,0.E0,0.E0,0.E0,0.E0);
#2773=PLANE_ANGLE_MEASURE_WITH_UNIT(PLANE_ANGLE_MEASURE(1.745329251994E-2),
#2772);
#2774=(CONVERSION_BASED_UNIT('DEGREE',#2773)NAMED_UNIT(*)PLANE_ANGLE_UNIT());
#2776=UNCERTAINTY_MEASURE_WITH_UNIT(LENGTH_MEASURE(2.202724286071E-3),#2770,
'closure',
'Maximum model space distance between geometric entities at asserted connectivities');
#2777=(GEOMETRIC_REPRESENTATION_CONTEXT(3)GLOBAL_UNCERTAINTY_ASSIGNED_CONTEXT((
#2776))GLOBAL_UNIT_ASSIGNED_CONTEXT((#2770,#2774,#2775))REPRESENTATION_CONTEXT(
'ID1','3'));
#2634=GEOMETRIC_SET('',(#2633,#2649,#2664,#2679,#2694,#2709,#2724,#2739,#2754,
#2769));
#2781=SHAPE_REPRESENTATION_RELATIONSHIP('','',#2780,#2778);
#2782=SHAPE_REPRESENTATION_RELATIONSHIP('','',#2780,#2779);
#2783=APPLICATION_CONTEXT(
'CONFIGURATION CONTROLLED 3D DESIGNS OF MECHANICAL PARTS AND ASSEMBLIES');
#2784=APPLICATION_PROTOCOL_DEFINITION('international standard',
'config_control_design',1994,#2783);
#2785=DESIGN_CONTEXT('',#2783,'design');
#2786=MECHANICAL_CONTEXT('',#2783,'mechanical');
#2787=PRODUCT('731000103','731000103','NOT SPECIFIED',(#2786));
#2788=PRODUCT_DEFINITION_FORMATION_WITH_SPECIFIED_SOURCE('1','LAST_VERSION',
#2787,.MADE.);
#2792=PRODUCT_CATEGORY('part','');
#2793=PRODUCT_RELATED_PRODUCT_CATEGORY('detail','',(#2787));
#2794=PRODUCT_CATEGORY_RELATIONSHIP('','',#2792,#2793);
#2795=SECURITY_CLASSIFICATION_LEVEL('unclassified');
#2796=SECURITY_CLASSIFICATION('','',#2795);
#2797=CC_DESIGN_SECURITY_CLASSIFICATION(#2796,(#2788));
#2798=APPROVAL_STATUS('approved');
#2799=APPROVAL(#2798,'');
#2800=CC_DESIGN_APPROVAL(#2799,(#2796,#2788,#2789));
#2801=CALENDAR_DATE(117,2,11);
#2802=COORDINATED_UNIVERSAL_TIME_OFFSET(5,30,.AHEAD.);
#2803=LOCAL_TIME(10,21,4.4E1,#2802);
#2804=DATE_AND_TIME(#2801,#2803);
#2805=APPROVAL_DATE_TIME(#2804,#2799);
#2806=DATE_TIME_ROLE('creation_date');
#2807=CC_DESIGN_DATE_AND_TIME_ASSIGNMENT(#2804,#2806,(#2789));
#2808=DATE_TIME_ROLE('classification_date');
#2809=CC_DESIGN_DATE_AND_TIME_ASSIGNMENT(#2804,#2808,(#2796));
#2810=PERSON('UNSPECIFIED','UNSPECIFIED',$,$,$,$);
#2811=ORGANIZATION('UNSPECIFIED','UNSPECIFIED','UNSPECIFIED');
#2812=PERSON_AND_ORGANIZATION(#2810,#2811);
#2813=APPROVAL_ROLE('approver');
#2814=APPROVAL_PERSON_ORGANIZATION(#2812,#2799,#2813);
#2815=PERSON_AND_ORGANIZATION_ROLE('creator');
#2816=CC_DESIGN_PERSON_AND_ORGANIZATION_ASSIGNMENT(#2812,#2815,(#2788,#2789));
#2817=PERSON_AND_ORGANIZATION_ROLE('design_supplier');
#2818=CC_DESIGN_PERSON_AND_ORGANIZATION_ASSIGNMENT(#2812,#2817,(#2788));
#2819=PERSON_AND_ORGANIZATION_ROLE('classification_officer');
#2820=CC_DESIGN_PERSON_AND_ORGANIZATION_ASSIGNMENT(#2812,#2819,(#2796));
#2821=PERSON_AND_ORGANIZATION_ROLE('design_owner');
#2822=CC_DESIGN_PERSON_AND_ORGANIZATION_ASSIGNMENT(#2812,#2821,(#2787));
#9=CIRCLE('',#8,1.4E0);
#14=CIRCLE('',#13,1.4E0);
#19=CIRCLE('',#18,1.38E0);
#24=CIRCLE('',#23,1.38E0);
#33=CIRCLE('',#32,1.701025403784E0);
#38=CIRCLE('',#37,1.701025403784E0);
#43=CIRCLE('',#42,1.4E0);
#48=CIRCLE('',#47,1.4E0);
#53=CIRCLE('',#52,1.835E0);
#70=CIRCLE('',#69,1.809565610062E0);
#75=CIRCLE('',#74,1.809565610062E0);
#80=CIRCLE('',#79,1.835E0);
#85=CIRCLE('',#84,1.E-1);
#94=CIRCLE('',#93,1.835E0);
#99=CIRCLE('',#98,1.E-1);
#104=CIRCLE('',#103,1.809565610062E0);
#109=CIRCLE('',#108,1.809565610062E0);
#118=CIRCLE('',#117,1.625E0);
#123=CIRCLE('',#122,1.625E0);
#128=CIRCLE('',#127,1.3E-1);
#133=CIRCLE('',#132,1.658064706920E0);
#138=CIRCLE('',#137,1.658064706920E0);
#143=CIRCLE('',#142,1.625E0);
#148=CIRCLE('',#147,1.3E-1);
#153=CIRCLE('',#152,1.658064706920E0);
#158=CIRCLE('',#157,1.658064706920E0);
#163=CIRCLE('',#162,1.625E0);
#176=CIRCLE('',#175,1.658064706920E0);
#181=CIRCLE('',#180,1.625E0);
#186=CIRCLE('',#185,1.625E0);
#191=CIRCLE('',#190,1.3E-1);
#196=CIRCLE('',#195,1.658064706920E0);
#209=CIRCLE('',#208,1.809565610062E0);
#214=CIRCLE('',#213,1.E-1);
#219=CIRCLE('',#218,1.835E0);
#224=CIRCLE('',#223,1.809565610062E0);
#229=CIRCLE('',#228,1.835E0);
#234=CIRCLE('',#233,1.809565610062E0);
#239=CIRCLE('',#238,1.809565610062E0);
#244=CIRCLE('',#243,1.E-1);
#249=CIRCLE('',#248,1.835E0);
#262=CIRCLE('',#261,3.2E0);
#267=CIRCLE('',#266,3.2E0);
#272=CIRCLE('',#271,1.835E0);
#277=CIRCLE('',#276,1.835E0);
#298=CIRCLE('',#297,3.2E0);
#303=CIRCLE('',#302,3.2E0);
#349=B_SPLINE_CURVE_WITH_KNOTS('',3,(#340,#341,#342,#343,#344,#345,#346,#347,
#348),.UNSPECIFIED.,.F.,.F.,(4,1,1,1,1,1,4),(0.E0,1.666666666667E-1,
3.333333333333E-1,5.E-1,6.666666666667E-1,8.333333333333E-1,1.E0),
.UNSPECIFIED.);
#359=B_SPLINE_CURVE_WITH_KNOTS('',3,(#350,#351,#352,#353,#354,#355,#356,#357,
#358),.UNSPECIFIED.,.F.,.F.,(4,1,1,1,1,1,4),(0.E0,1.666666666667E-1,
3.333333333333E-1,5.E-1,6.666666666667E-1,8.333333333333E-1,1.E0),
.UNSPECIFIED.);
#364=CIRCLE('',#363,3.5E0);
#369=CIRCLE('',#368,3.5E0);
#374=CIRCLE('',#373,3.5E0);
#379=CIRCLE('',#378,3.5E0);
#389=B_SPLINE_CURVE_WITH_KNOTS('',3,(#380,#381,#382,#383,#384,#385,#386,#387,
#388),.UNSPECIFIED.,.F.,.F.,(4,1,1,1,1,1,4),(0.E0,1.666666666667E-1,
3.333333333333E-1,5.E-1,6.666666666667E-1,8.333333333333E-1,1.E0),
.UNSPECIFIED.);
#399=B_SPLINE_CURVE_WITH_KNOTS('',3,(#390,#391,#392,#393,#394,#395,#396,#397,
#398),.UNSPECIFIED.,.F.,.F.,(4,1,1,1,1,1,4),(0.E0,1.666666666667E-1,
3.333333333333E-1,5.E-1,6.666666666667E-1,8.333333333333E-1,1.E0),
.UNSPECIFIED.);
#409=B_SPLINE_CURVE_WITH_KNOTS('',3,(#400,#401,#402,#403,#404,#405,#406,#407,
#408),.UNSPECIFIED.,.F.,.F.,(4,1,1,1,1,1,4),(0.E0,1.666666666667E-1,
3.333333333333E-1,5.E-1,6.666666666667E-1,8.333333333333E-1,1.E0),
.UNSPECIFIED.);
#419=B_SPLINE_CURVE_WITH_KNOTS('',3,(#410,#411,#412,#413,#414,#415,#416,#417,
#418),.UNSPECIFIED.,.F.,.F.,(4,1,1,1,1,1,4),(0.E0,1.666666666667E-1,
3.333333333333E-1,5.E-1,6.666666666667E-1,8.333333333333E-1,1.E0),
.UNSPECIFIED.);
#429=B_SPLINE_CURVE_WITH_KNOTS('',3,(#420,#421,#422,#423,#424,#425,#426,#427,
#428),.UNSPECIFIED.,.F.,.F.,(4,1,1,1,1,1,4),(0.E0,1.666666666667E-1,
3.333333333333E-1,5.E-1,6.666666666667E-1,8.333333333333E-1,1.E0),
.UNSPECIFIED.);
#439=B_SPLINE_CURVE_WITH_KNOTS('',3,(#430,#431,#432,#433,#434,#435,#436,#437,
#438),.UNSPECIFIED.,.F.,.F.,(4,1,1,1,1,1,4),(0.E0,1.666666666667E-1,
3.333333333333E-1,5.E-1,6.666666666667E-1,8.333333333333E-1,1.E0),
.UNSPECIFIED.);
#524=CIRCLE('',#523,1.675E0);
#529=CIRCLE('',#528,1.675E0);
#726=CIRCLE('',#725,1.515E0);
#735=CIRCLE('',#734,1.515E0);
#748=CIRCLE('',#747,1.515E0);
#753=CIRCLE('',#752,1.515E0);
#766=CIRCLE('',#765,1.515E0);
#771=CIRCLE('',#770,1.365E0);
#776=CIRCLE('',#775,1.365E0);
#781=CIRCLE('',#780,4.5E-1);
#786=CIRCLE('',#785,4.5E-1);
#791=CIRCLE('',#790,1.515E0);
#804=CIRCLE('',#803,4.5E-1);
#817=CIRCLE('',#816,4.5E-1);
#826=CIRCLE('',#825,2.5E-1);
#831=CIRCLE('',#830,2.5E-1);
#840=CIRCLE('',#839,1.3E-1);
#845=CIRCLE('',#844,1.658064706920E0);
#850=CIRCLE('',#849,1.658064706920E0);
#855=CIRCLE('',#854,1.625E0);
#860=CIRCLE('',#859,1.625E0);
#869=CIRCLE('',#868,1.835E0);
#878=CIRCLE('',#877,1.18E0);
#883=CIRCLE('',#882,1.18E0);
#888=CIRCLE('',#887,1.05E0);
#893=CIRCLE('',#892,1.05E0);
#906=CIRCLE('',#905,1.05E0);
#911=CIRCLE('',#910,1.05E0);
#916=CIRCLE('',#915,4.5E-1);
#921=CIRCLE('',#920,4.5E-1);
#934=CIRCLE('',#933,4.5E-1);
#939=CIRCLE('',#938,4.5E-1);
#944=CIRCLE('',#943,2.55E-1);
#949=CIRCLE('',#948,2.55E-1);
#970=CIRCLE('',#969,2.55E-1);
#975=CIRCLE('',#974,8.521007351616E-2);
#980=CIRCLE('',#979,8.521007351616E-2);
#989=CIRCLE('',#988,2.55E-1);
#1265=EDGE_CURVE('',#992,#993,#9,.T.);
#1267=EDGE_CURVE('',#997,#993,#4,.T.);
#1269=EDGE_CURVE('',#997,#995,#43,.T.);
#1271=EDGE_CURVE('',#995,#992,#28,.T.);
#1282=EDGE_CURVE('',#993,#992,#14,.T.);
#1286=EDGE_CURVE('',#1000,#1001,#19,.T.);
#1288=EDGE_CURVE('',#1001,#1000,#24,.T.);
#1301=EDGE_CURVE('',#995,#997,#48,.T.);
#1311=EDGE_CURVE('',#1036,#1037,#33,.T.);
#1313=EDGE_CURVE('',#1037,#1036,#38,.T.);
#1327=EDGE_CURVE('',#1040,#1041,#53,.T.);
#1329=EDGE_CURVE('',#1040,#1036,#864,.T.);
#1332=EDGE_CURVE('',#1041,#1037,#57,.T.);
#1343=EDGE_CURVE('',#1041,#1053,#65,.T.);
#1345=EDGE_CURVE('',#1053,#1052,#94,.T.);
#1347=EDGE_CURVE('',#1040,#1052,#61,.T.);
#1357=EDGE_CURVE('',#1052,#1053,#80,.T.);
#1360=EDGE_CURVE('',#1041,#1040,#869,.T.);
#1371=EDGE_CURVE('',#1056,#1057,#70,.T.);
#1373=EDGE_CURVE('',#1095,#1056,#75,.T.);
#1375=EDGE_CURVE('',#1095,#1053,#99,.T.);
#1378=EDGE_CURVE('',#1057,#1052,#85,.T.);
#1389=EDGE_CURVE('',#1057,#1065,#109,.T.);
#1391=EDGE_CURVE('',#1065,#1063,#113,.T.);
#1393=EDGE_CURVE('',#1063,#1061,#153,.T.);
#1395=EDGE_CURVE('',#1061,#1059,#138,.T.);
#1397=EDGE_CURVE('',#1056,#1059,#89,.T.);
#1410=EDGE_CURVE('',#1065,#1095,#104,.T.);
#1422=EDGE_CURVE('',#1059,#1103,#133,.T.);
#1424=EDGE_CURVE('',#1103,#1063,#158,.T.);
#1437=EDGE_CURVE('',#1061,#1068,#148,.T.);
#1439=EDGE_CURVE('',#1071,#1068,#118,.T.);
#1441=EDGE_CURVE('',#1101,#1071,#123,.T.);
#1443=EDGE_CURVE('',#1103,#1101,#128,.T.);
#1455=EDGE_CURVE('',#1068,#1069,#143,.T.);
#1461=EDGE_CURVE('',#1069,#1101,#163,.T.);
#1472=EDGE_CURVE('',#1069,#1077,#171,.T.);
#1474=EDGE_CURVE('',#1077,#1075,#855,.T.);
#1476=EDGE_CURVE('',#1075,#1073,#186,.T.);
#1478=EDGE_CURVE('',#1071,#1073,#167,.T.);
#1489=EDGE_CURVE('',#1073,#1099,#181,.T.);
#1491=EDGE_CURVE('',#1099,#1077,#860,.T.);
#1505=EDGE_CURVE('',#1080,#1081,#176,.T.);
#1507=EDGE_CURVE('',#1080,#1099,#840,.T.);
#1511=EDGE_CURVE('',#1097,#1075,#191,.T.);
#1513=EDGE_CURVE('',#1081,#1097,#196,.T.);
#1524=EDGE_CURVE('',#1089,#1081,#200,.T.);
#1526=EDGE_CURVE('',#1089,#1087,#224,.T.);
#1528=EDGE_CURVE('',#1087,#1085,#239,.T.);
#1530=EDGE_CURVE('',#1085,#1083,#204,.T.);
#1532=EDGE_CURVE('',#1083,#1080,#845,.T.);
#1542=EDGE_CURVE('',#1093,#1089,#209,.T.);
#1546=EDGE_CURVE('',#1097,#1083,#850,.T.);
#1549=EDGE_CURVE('',#1085,#1093,#234,.T.);
#1560=EDGE_CURVE('',#1047,#1093,#214,.T.);
#1562=EDGE_CURVE('',#1049,#1047,#219,.T.);
#1564=EDGE_CURVE('',#1049,#1087,#244,.T.);
#1575=EDGE_CURVE('',#1047,#1091,#229,.T.);
#1581=EDGE_CURVE('',#1091,#1049,#249,.T.);
#1593=EDGE_CURVE('',#1049,#1045,#257,.T.);
#1595=EDGE_CURVE('',#1045,#1044,#277,.T.);
#1597=EDGE_CURVE('',#1047,#1044,#253,.T.);
#1607=EDGE_CURVE('',#1044,#1045,#272,.T.);
#1620=EDGE_CURVE('',#1109,#1110,#262,.T.);
#1622=EDGE_CURVE('',#1110,#1109,#267,.T.);
#1636=EDGE_CURVE('',#1113,#1114,#298,.T.);
#1638=EDGE_CURVE('',#1109,#1114,#281,.T.);
#1641=EDGE_CURVE('',#1110,#1113,#835,.T.);
#1651=EDGE_CURVE('',#1116,#1105,#307,.T.);
#1653=EDGE_CURVE('',#1105,#1106,#419,.T.);
#1655=EDGE_CURVE('',#1106,#1128,#349,.T.);
#1657=EDGE_CURVE('',#1126,#1128,#285,.T.);
#1659=EDGE_CURVE('',#1126,#1124,#609,.T.);
#1661=EDGE_CURVE('',#1122,#1124,#289,.T.);
#1663=EDGE_CURVE('',#1122,#1120,#511,.T.);
#1665=EDGE_CURVE('',#1118,#1120,#293,.T.);
#1667=EDGE_CURVE('',#1118,#1116,#549,.T.);
#1672=EDGE_CURVE('',#1114,#1113,#303,.T.);
#1682=EDGE_CURVE('',#1131,#1132,#319,.T.);
#1684=EDGE_CURVE('',#1132,#1104,#429,.T.);
#1686=EDGE_CURVE('',#1104,#1105,#409,.T.);
#1689=EDGE_CURVE('',#1116,#1140,#545,.T.);
#1691=EDGE_CURVE('',#1138,#1140,#311,.T.);
#1693=EDGE_CURVE('',#1138,#1136,#507,.T.);
#1695=EDGE_CURVE('',#1134,#1136,#315,.T.);
#1697=EDGE_CURVE('',#1134,#1131,#681,.T.);
#1707=EDGE_CURVE('',#1248,#1250,#331,.T.);
#1709=EDGE_CURVE('',#1250,#1253,#389,.T.);
#1711=EDGE_CURVE('',#1253,#1132,#439,.T.);
#1714=EDGE_CURVE('',#1131,#1176,#677,.T.);
#1716=EDGE_CURVE('',#1190,#1176,#323,.T.);
#1718=EDGE_CURVE('',#1190,#1152,#519,.T.);
#1720=EDGE_CURVE('',#1154,#1152,#327,.T.);
#1722=EDGE_CURVE('',#1154,#1248,#447,.T.);
#1733=EDGE_CURVE('',#1128,#1251,#359,.T.);
#1735=EDGE_CURVE('',#1251,#1250,#399,.T.);
#1738=EDGE_CURVE('',#1248,#1170,#443,.T.);
#1740=EDGE_CURVE('',#1169,#1170,#335,.T.);
#1742=EDGE_CURVE('',#1169,#1192,#515,.T.);
#1744=EDGE_CURVE('',#1242,#1192,#339,.T.);
#1746=EDGE_CURVE('',#1242,#1126,#613,.T.);
#1757=EDGE_CURVE('',#1106,#1251,#369,.T.);
#1768=EDGE_CURVE('',#1251,#1253,#364,.T.);
#1771=EDGE_CURVE('',#1104,#1106,#374,.T.);
#1773=EDGE_CURVE('',#1253,#1104,#379,.T.);
#1816=EDGE_CURVE('',#1154,#1156,#451,.T.);
#1818=EDGE_CURVE('',#1156,#1160,#487,.T.);
#1820=EDGE_CURVE('',#1160,#1164,#475,.T.);
#1822=EDGE_CURVE('',#1164,#1170,#459,.T.);
#1834=EDGE_CURVE('',#1149,#1150,#463,.T.);
#1836=EDGE_CURVE('',#1150,#1158,#491,.T.);
#1838=EDGE_CURVE('',#1158,#1156,#479,.T.);
#1842=EDGE_CURVE('',#1149,#1152,#455,.T.);
#1854=EDGE_CURVE('',#1164,#1166,#471,.T.);
#1856=EDGE_CURVE('',#1166,#1150,#495,.T.);
#1859=EDGE_CURVE('',#1169,#1149,#467,.T.);
#1869=EDGE_CURVE('',#1160,#1162,#483,.T.);
#1871=EDGE_CURVE('',#1162,#1166,#499,.T.);
#1884=EDGE_CURVE('',#1158,#1162,#503,.T.);
#1909=EDGE_CURVE('',#1138,#1196,#541,.T.);
#1911=EDGE_CURVE('',#1196,#1120,#561,.T.);
#1914=EDGE_CURVE('',#1122,#1194,#605,.T.);
#1916=EDGE_CURVE('',#1194,#1192,#621,.T.);
#1922=EDGE_CURVE('',#1190,#1187,#669,.T.);
#1924=EDGE_CURVE('',#1187,#1136,#697,.T.);
#1928=EDGE_CURVE('',#1199,#1200,#524,.T.);
#1930=EDGE_CURVE('',#1200,#1199,#529,.T.);
#1941=EDGE_CURVE('',#1142,#1140,#533,.T.);
#1943=EDGE_CURVE('',#1142,#1232,#581,.T.);
#1945=EDGE_CURVE('',#1232,#1230,#565,.T.);
#1947=EDGE_CURVE('',#1196,#1230,#537,.T.);
#1960=EDGE_CURVE('',#1118,#1146,#557,.T.);
#1962=EDGE_CURVE('',#1146,#1144,#593,.T.);
#1964=EDGE_CURVE('',#1142,#1144,#553,.T.);
#1976=EDGE_CURVE('',#1230,#1234,#577,.T.);
#1978=EDGE_CURVE('',#1234,#1146,#585,.T.);
#1992=EDGE_CURVE('',#1259,#1232,#569,.T.);
#1994=EDGE_CURVE('',#1234,#1259,#573,.T.);
#2005=EDGE_CURVE('',#1144,#1259,#589,.T.);
#2031=EDGE_CURVE('',#1240,#1124,#597,.T.);
#2033=EDGE_CURVE('',#1240,#1238,#641,.T.);
#2035=EDGE_CURVE('',#1238,#1236,#625,.T.);
#2037=EDGE_CURVE('',#1194,#1236,#601,.T.);
#2048=EDGE_CURVE('',#1242,#1244,#617,.T.);
#2050=EDGE_CURVE('',#1244,#1255,#657,.T.);
#2052=EDGE_CURVE('',#1255,#1240,#645,.T.);
#2066=EDGE_CURVE('',#1236,#1246,#637,.T.);
#2068=EDGE_CURVE('',#1246,#1244,#649,.T.);
#2082=EDGE_CURVE('',#1257,#1238,#629,.T.);
#2084=EDGE_CURVE('',#1246,#1257,#633,.T.);
#2095=EDGE_CURVE('',#1255,#1257,#653,.T.);
#2121=EDGE_CURVE('',#1178,#1176,#661,.T.);
#2123=EDGE_CURVE('',#1178,#1184,#717,.T.);
#2125=EDGE_CURVE('',#1184,#1188,#709,.T.);
#2127=EDGE_CURVE('',#1187,#1188,#665,.T.);
#2138=EDGE_CURVE('',#1173,#1174,#673,.T.);
#2140=EDGE_CURVE('',#1173,#1178,#721,.T.);
#2145=EDGE_CURVE('',#1134,#1174,#693,.T.);
#2155=EDGE_CURVE('',#1180,#1174,#685,.T.);
#2157=EDGE_CURVE('',#1180,#1182,#701,.T.);
#2159=EDGE_CURVE('',#1173,#1182,#689,.T.);
#2171=EDGE_CURVE('',#1188,#1180,#705,.T.);
#2188=EDGE_CURVE('',#1182,#1184,#713,.T.);
#2210=EDGE_CURVE('',#1203,#1204,#726,.T.);
#2212=EDGE_CURVE('',#1199,#1203,#730,.T.);
#2215=EDGE_CURVE('',#1200,#1206,#757,.T.);
#2217=EDGE_CURVE('',#1204,#1206,#735,.T.);
#2228=EDGE_CURVE('',#1212,#1204,#739,.T.);
#2230=EDGE_CURVE('',#1212,#1210,#791,.T.);
#2232=EDGE_CURVE('',#1210,#1208,#743,.T.);
#2234=EDGE_CURVE('',#1208,#1203,#748,.T.);
#2246=EDGE_CURVE('',#1206,#1208,#753,.T.);
#2249=EDGE_CURVE('',#1210,#1212,#766,.T.);
#2272=EDGE_CURVE('',#1215,#1216,#771,.T.);
#2274=EDGE_CURVE('',#1212,#1216,#761,.T.);
#2277=EDGE_CURVE('',#1210,#1215,#795,.T.);
#2288=EDGE_CURVE('',#1216,#1215,#776,.T.);
#2292=EDGE_CURVE('',#1219,#1220,#781,.T.);
#2294=EDGE_CURVE('',#1220,#1219,#786,.T.);
#2316=EDGE_CURVE('',#1223,#1224,#804,.T.);
#2318=EDGE_CURVE('',#1219,#1224,#799,.T.);
#2321=EDGE_CURVE('',#1220,#1223,#821,.T.);
#2332=EDGE_CURVE('',#1223,#1228,#812,.T.);
#2334=EDGE_CURVE('',#1228,#1226,#826,.T.);
#2336=EDGE_CURVE('',#1224,#1226,#808,.T.);
#2347=EDGE_CURVE('',#1224,#1223,#817,.T.);
#2350=EDGE_CURVE('',#1226,#1228,#831,.T.);
#2420=EDGE_CURVE('',#1008,#1009,#878,.T.);
#2422=EDGE_CURVE('',#1000,#1009,#873,.T.);
#2425=EDGE_CURVE('',#1001,#1008,#897,.T.);
#2436=EDGE_CURVE('',#1009,#1008,#883,.T.);
#2440=EDGE_CURVE('',#1012,#1013,#888,.T.);
#2442=EDGE_CURVE('',#1013,#1012,#893,.T.);
#2464=EDGE_CURVE('',#1016,#1017,#906,.T.);
#2466=EDGE_CURVE('',#1012,#1017,#901,.T.);
#2469=EDGE_CURVE('',#1013,#1016,#925,.T.);
#2480=EDGE_CURVE('',#1017,#1016,#911,.T.);
#2484=EDGE_CURVE('',#1020,#1021,#916,.T.);
#2486=EDGE_CURVE('',#1021,#1020,#921,.T.);
#2508=EDGE_CURVE('',#1024,#1025,#934,.T.);
#2510=EDGE_CURVE('',#1020,#1025,#929,.T.);
#2513=EDGE_CURVE('',#1021,#1024,#953,.T.);
#2524=EDGE_CURVE('',#1025,#1024,#939,.T.);
#2528=EDGE_CURVE('',#1028,#1029,#944,.T.);
#2530=EDGE_CURVE('',#1029,#1028,#949,.T.);
#2553=EDGE_CURVE('',#1033,#1029,#957,.T.);
#2555=EDGE_CURVE('',#1033,#1032,#989,.T.);
#2557=EDGE_CURVE('',#1032,#1028,#961,.T.);
#2567=EDGE_CURVE('',#1032,#1033,#970,.T.);
#2580=EDGE_CURVE('',#1004,#1005,#975,.T.);
#2582=EDGE_CURVE('',#1033,#1005,#965,.T.);
#2585=EDGE_CURVE('',#1032,#1004,#984,.T.);
#2596=EDGE_CURVE('',#1005,#1004,#980,.T.);
#2623=CIRCLE('',#2622,1.E0);
#2624=TRIMMED_CURVE('',#2623,(PARAMETER_VALUE(0.E0)),(PARAMETER_VALUE(1.8E2)),
.T.,.UNSPECIFIED.);
#2625=COMPOSITE_CURVE_SEGMENT(.CONTINUOUS.,.T.,#2624);
#2630=CIRCLE('',#2629,1.E0);
#2631=TRIMMED_CURVE('',#2630,(PARAMETER_VALUE(0.E0)),(PARAMETER_VALUE(1.8E2)),
.T.,.UNSPECIFIED.);
#2632=COMPOSITE_CURVE_SEGMENT(.CONTINUOUS.,.T.,#2631);
#2633=COMPOSITE_CURVE('',(#2625,#2632),.F.);
#2639=CIRCLE('',#2638,1.35E0);
#2640=TRIMMED_CURVE('',#2639,(PARAMETER_VALUE(0.E0)),(PARAMETER_VALUE(1.8E2)),
.T.,.UNSPECIFIED.);
#2641=COMPOSITE_CURVE_SEGMENT(.CONTINUOUS.,.T.,#2640);
#2646=CIRCLE('',#2645,1.35E0);
#2647=TRIMMED_CURVE('',#2646,(PARAMETER_VALUE(0.E0)),(PARAMETER_VALUE(1.8E2)),
.T.,.UNSPECIFIED.);
#2648=COMPOSITE_CURVE_SEGMENT(.CONTINUOUS.,.T.,#2647);
#2649=COMPOSITE_CURVE('',(#2641,#2648),.F.);
#2654=CIRCLE('',#2653,1.35E0);
#2655=TRIMMED_CURVE('',#2654,(PARAMETER_VALUE(0.E0)),(PARAMETER_VALUE(1.8E2)),
.T.,.UNSPECIFIED.);
#2656=COMPOSITE_CURVE_SEGMENT(.CONTINUOUS.,.T.,#2655);
#2661=CIRCLE('',#2660,1.35E0);
#2662=TRIMMED_CURVE('',#2661,(PARAMETER_VALUE(0.E0)),(PARAMETER_VALUE(1.8E2)),
.T.,.UNSPECIFIED.);
#2663=COMPOSITE_CURVE_SEGMENT(.CONTINUOUS.,.T.,#2662);
#2664=COMPOSITE_CURVE('',(#2656,#2663),.F.);
#2669=CIRCLE('',#2668,1.35E0);
#2670=TRIMMED_CURVE('',#2669,(PARAMETER_VALUE(0.E0)),(PARAMETER_VALUE(1.8E2)),
.T.,.UNSPECIFIED.);
#2671=COMPOSITE_CURVE_SEGMENT(.CONTINUOUS.,.T.,#2670);
#2676=CIRCLE('',#2675,1.35E0);
#2677=TRIMMED_CURVE('',#2676,(PARAMETER_VALUE(0.E0)),(PARAMETER_VALUE(1.8E2)),
.T.,.UNSPECIFIED.);
#2678=COMPOSITE_CURVE_SEGMENT(.CONTINUOUS.,.T.,#2677);
#2679=COMPOSITE_CURVE('',(#2671,#2678),.F.);
#2684=CIRCLE('',#2683,1.35E0);
#2685=TRIMMED_CURVE('',#2684,(PARAMETER_VALUE(0.E0)),(PARAMETER_VALUE(1.8E2)),
.T.,.UNSPECIFIED.);
#2686=COMPOSITE_CURVE_SEGMENT(.CONTINUOUS.,.T.,#2685);
#2691=CIRCLE('',#2690,1.35E0);
#2692=TRIMMED_CURVE('',#2691,(PARAMETER_VALUE(0.E0)),(PARAMETER_VALUE(1.8E2)),
.T.,.UNSPECIFIED.);
#2693=COMPOSITE_CURVE_SEGMENT(.CONTINUOUS.,.T.,#2692);
#2694=COMPOSITE_CURVE('',(#2686,#2693),.F.);
#2699=CIRCLE('',#2698,8.5E-1);
#2700=TRIMMED_CURVE('',#2699,(PARAMETER_VALUE(1.8E2)),(PARAMETER_VALUE(0.E0)),
.F.,.UNSPECIFIED.);
#2701=COMPOSITE_CURVE_SEGMENT(.CONTINUOUS.,.T.,#2700);
#2706=CIRCLE('',#2705,8.5E-1);
#2707=TRIMMED_CURVE('',#2706,(PARAMETER_VALUE(1.8E2)),(PARAMETER_VALUE(0.E0)),
.F.,.UNSPECIFIED.);
#2708=COMPOSITE_CURVE_SEGMENT(.CONTINUOUS.,.T.,#2707);
#2709=COMPOSITE_CURVE('',(#2701,#2708),.F.);
#2714=CIRCLE('',#2713,8.5E-1);
#2715=TRIMMED_CURVE('',#2714,(PARAMETER_VALUE(1.8E2)),(PARAMETER_VALUE(0.E0)),
.F.,.UNSPECIFIED.);
#2716=COMPOSITE_CURVE_SEGMENT(.CONTINUOUS.,.T.,#2715);
#2721=CIRCLE('',#2720,8.5E-1);
#2722=TRIMMED_CURVE('',#2721,(PARAMETER_VALUE(1.8E2)),(PARAMETER_VALUE(0.E0)),
.F.,.UNSPECIFIED.);
#2723=COMPOSITE_CURVE_SEGMENT(.CONTINUOUS.,.T.,#2722);
#2724=COMPOSITE_CURVE('',(#2716,#2723),.F.);
#2729=CIRCLE('',#2728,8.5E-1);
#2730=TRIMMED_CURVE('',#2729,(PARAMETER_VALUE(1.8E2)),(PARAMETER_VALUE(0.E0)),
.F.,.UNSPECIFIED.);
#2731=COMPOSITE_CURVE_SEGMENT(.CONTINUOUS.,.T.,#2730);
#2736=CIRCLE('',#2735,8.5E-1);
#2737=TRIMMED_CURVE('',#2736,(PARAMETER_VALUE(1.8E2)),(PARAMETER_VALUE(0.E0)),
.F.,.UNSPECIFIED.);
#2738=COMPOSITE_CURVE_SEGMENT(.CONTINUOUS.,.T.,#2737);
#2739=COMPOSITE_CURVE('',(#2731,#2738),.F.);
#2744=CIRCLE('',#2743,8.5E-1);
#2745=TRIMMED_CURVE('',#2744,(PARAMETER_VALUE(1.8E2)),(PARAMETER_VALUE(0.E0)),
.F.,.UNSPECIFIED.);
#2746=COMPOSITE_CURVE_SEGMENT(.CONTINUOUS.,.T.,#2745);
#2751=CIRCLE('',#2750,8.5E-1);
#2752=TRIMMED_CURVE('',#2751,(PARAMETER_VALUE(1.8E2)),(PARAMETER_VALUE(0.E0)),
.F.,.UNSPECIFIED.);
#2753=COMPOSITE_CURVE_SEGMENT(.CONTINUOUS.,.T.,#2752);
#2754=COMPOSITE_CURVE('',(#2746,#2753),.F.);
#2759=CIRCLE('',#2758,5.E-1);
#2760=TRIMMED_CURVE('',#2759,(PARAMETER_VALUE(1.8E2)),(PARAMETER_VALUE(0.E0)),
.F.,.UNSPECIFIED.);
#2761=COMPOSITE_CURVE_SEGMENT(.CONTINUOUS.,.T.,#2760);
#2766=CIRCLE('',#2765,5.E-1);
#2767=TRIMMED_CURVE('',#2766,(PARAMETER_VALUE(1.8E2)),(PARAMETER_VALUE(0.E0)),
.F.,.UNSPECIFIED.);
#2768=COMPOSITE_CURVE_SEGMENT(.CONTINUOUS.,.T.,#2767);
#2769=COMPOSITE_CURVE('',(#2761,#2768),.F.);
#2770=(LENGTH_UNIT()NAMED_UNIT(*)SI_UNIT(.MILLI.,.METRE.));
#2772=(NAMED_UNIT(*)PLANE_ANGLE_UNIT()SI_UNIT($,.RADIAN.));
#2775=(NAMED_UNIT(*)SI_UNIT($,.STERADIAN.)SOLID_ANGLE_UNIT());
#2778=ADVANCED_BREP_SHAPE_REPRESENTATION('',(#2614),#2777);
#2779=GEOMETRICALLY_BOUNDED_SURFACE_SHAPE_REPRESENTATION('',(#2634),#2777);
#2780=SHAPE_REPRESENTATION('',(#2618),#2777);
#2789=PRODUCT_DEFINITION('design','',#2788,#2785);
#2790=PRODUCT_DEFINITION_SHAPE('','SHAPE FOR 731000103.',#2789);
#2791=SHAPE_DEFINITION_REPRESENTATION(#2790,#2780);
ENDSEC;
END-ISO-10303-21;
